id,searchable_name,location_label,map_location,category,convention_id
18029,"Westin : Grand Ballroom IV - V : 2nd Stage, Events ",,/map?c=27&f=2&lg=48.955078125&lt=-52.96187505907602&s=18029&z=5,Events,27
18036,"Hyatt : Regency Ballroom : A - E : BGG Hot Games Room, Events",,/map?c=27&f=2&lg=-21.533203125000004&lt=-57.89149735271031&s=18036&z=5,Events,27
18041,"Marriott : Indiana Ballroom C-D : Norse Foundry, Events",,/map?c=27&f=1&lg=68.64257812500001&lt=-65.29346780107583&s=18041&z=5,Events,27
18042,"Crowne Plaza : Grand Central A - D : Escape Room, Events",Crowne Plaza : Grand Central A - D : Escape Room,/map?c=27&f=1&lg=-25.224609375000004&lt=47.754097979680026&s=18042&z=5,Events,27
18046,JW : White River Ballroom : A-BGame Design Academy,,/map?c=27&f=1&lg=150.8203125&lt=-54.97761367069625&s=18046&z=5,Events,27
18047,"Gen Con Dance, Events (Union Station)",,/map?c=27&f=1&lg=-66.18164062500001&lt=32.32427558887655&s=18047&z=5,Events,27
18048,"Kid Zone, Events (Wabash Ballroom 2 - 3)",,/map?c=27&f=1&lg=51.77929687499971&lt=-38.9764924855394&s=18048&z=5,Events,27
18050,"ICC : Rm 124 : RPG, Events",,/map?c=27&f=1&lg=77.93701171875001&lt=-40.01359197813854&s=18050&z=5,Events,27
18056,"Open Gaming, Events (JW, Grand Ballroom)",,/map?c=27&f=3&lg=152.49023437500003&lt=-51.672555148396754&s=18056&z=5,Events,27
18058,"Puppetry Program, Events (Marriott, Indiana Ballroom E)",,/map?c=27&f=1&lg=66.88476562500001&lt=-63.31268278043484&s=18058&z=5,Events,27
18060,"ICC : Rm 127 : RPG, Events",ICC : Rm 127,/map?c=27&f=1&lg=90.96679687500001&lt=-40.04443758460857&s=18060&z=5,Events,27
18061,"RPG, Events (Stadium rm 4)",,/map?c=27&f=0&lg=12.919921875000002&lt=74.0437225981325&s=18061&z=5,Events,27
18062,"Stadium : Rm 9 : RPG, Events",,/map?c=27&f=0&lg=10.766601562500002&lt=75.02766361549945&s=18062&z=5,Events,27
18063,"RPG, Events (Stadium rm 7)",,/map?c=27&f=0&lg=4.570312500000001&lt=75.11822201684028&s=18063&z=5,Events,27
18064,"ICC : Rm 126 : Buried Giant, Events",ICC : Rm 126,/map?c=27&f=1&lg=88.2421875&lt=-40.04443758460857&s=18064&z=5,Events,27
18066,"ICC : Rm 125 : Van Ryder, Events",ICC : Rm 125,/map?c=27&f=1&lg=85.60546875000001&lt=-40.04443758460857&s=18066&z=5,Events,27
18067,"ICC : Rm 122 : Warhammer, Events",ICC : Rm 122,/map?c=27&f=1&lg=73.03710937500001&lt=-40.14808859840888&s=18067&z=5,Events,27
18068,"ICC : Rm 121 : Bandai, Events",ICC : Rm 121,/map?c=27&f=1&lg=70.35644531250001&lt=-40.178873314346966&s=18068&z=5,Events,27
18069,"RPG, Events (Stadium rm 5-6)",,/map?c=27&f=0&lg=5.295410156250001&lt=74.38442852287905&s=18069&z=5,Events,27
18070,"RPG, Events (Stadium rm 11)",,/map?c=27&f=0&lg=5.987548828125001&lt=76.22418692307015&s=18070&z=5,Events,27
18072,"Stadium : Meeting Room 1 - 2 : RPG, Events",,/map?c=27&f=0&lg=7.053222656250001&lt=72.99690914812648&s=18072&z=5,Events,27
18073,"Stadium : Rm 8 : Seminars, Events",,/map?c=27&f=0&lg=8.822021484375002&lt=74.86788912917916&s=18073&z=5,Events,27
18077,"Seminars, Events (Stadium rm 12)",,/map?c=27&f=0&lg=4.130859375000001&lt=76.39331166244496&s=18077&z=5,Events,27
18078,"Stadium : Meeting Room 10 : Seminars, Events",,/map?c=27&f=0&lg=7.811279296875001&lt=76.06115461815399&s=18078&z=5,Events,27
18088,"Special Events, Events (Stadium, East Lounge)",,/map?c=27&f=1&lg=16.435546875000004&lt=80.38639582973975&s=18088&z=5,Events,27
18092,"Trade Day, Events (JW, 2nd Floor)",,/map?c=27&f=2&lg=151.47949218750003&lt=-48.45835188280866&s=18092&z=5,Events,27
18093,"Trade Day Marketplace (JW, 1st Floor)",,/map?c=27&f=1&lg=156.79687500000003&lt=-50.401515322782366&s=18093&z=5,Events,27
18097,"Writers Symposium, Events (Marriott 2nd Floor)",,/map?c=27&f=2&lg=66.35742187500001&lt=-65.6582745198266&s=18097&z=5,Events,27
18098,"ICC : Rm 140  : Allplay, Events",ICC : Rm 140 ,/map?c=27&f=1&lg=38.36425781250001&lt=-6.315298538330033&s=18098&z=5,Events,27
18099,"ICC : Rm 233 : Edge Studio, Events ",ICC : Rm 233,/map?c=27&f=2&lg=9.228515625000002&lt=-6.227933930268672&s=18099&z=5,Events,27
18100,"ICC : Rm 133 : Brotherwise Games, Events",ICC : Rm 133,/map?c=27&f=1&lg=14.712890625000009&lt=-6.165313672189522&s=18100&z=5,Events,27
18101,"ICC : Rm 139 : Renegade, Events",ICC : Rm 139,/map?c=27&f=1&lg=30.541992187500004&lt=-6.315298538330033&s=18101&z=5,Events,27
18103,"ICC : Rm 130 : Marvel, Events ",ICC : Rm 130,/map?c=27&f=1&lg=6.666503906249993&lt=-7.01366792756663&s=18103&z=5,Events,27
18104,"ICC : Room 128 : Catan, Events",ICC : Rm 128,/map?c=27&f=1&lg=93.77929687500001&lt=-39.81134917291396&s=18104&z=5,Events,27
18105,"ICC : Rm 239: Czech Games, Events",ICC : Rm 239,/map?c=27&f=2&lg=25.048828125000004&lt=-6.577303118123875&s=18105&z=5,Events,27
18106,"ICC : Rm 235-239 : Czech Games, Events",ICC : Rm 235-239,/map?c=27&f=2&lg=19.248046875000004&lt=-6.577303118123875&s=18106&z=5,Events,27
18107,"ICC : Rm 138 : Chaosium, Events",ICC : Rm 138,/map?c=27&f=1&lg=27.747070312499986&lt=-6.315298538330033&s=18107&z=5,Events,27
18108,"ICC : Rm 141 : Dire Wolf Digital, Events",ICC : Rm 141,/map?c=27&f=1&lg=41.04492187500001&lt=-6.053161295714067&s=18108&z=5,Events,27
18109,"ICC : 137 : Free League, Events",ICC : 137,/map?c=27&f=1&lg=25.08984375000029&lt=-5.6407681072114615&s=18109&z=5,Events,27
18110,"ICC : Rm 143 : Inside Up, Events",ICC : Rm 143,/map?c=27&f=1&lg=46.14257812500001&lt=-5.990520588422276&s=18110&z=5,Events,27
18111,"ICC : Rm 136 : IV Studio, Events ",ICC : Rm 136,/map?c=27&f=1&lg=22.453125000000284&lt=-5.6407681072114615&s=18111&z=5,Events,27
18112,"ICC : Rm 135 : Leder Games, Events",ICC : Rm 135,/map?c=27&f=1&lg=19.819335937500004&lt=-5.6407681072114615&s=18112&z=5,Events,27
18113,"ICC : Sagamore Ballroom 3 - 5 : Paizo, Events",ICC : Sagamore Ballroom 3-5,/map?c=27&f=2&lg=14.765625000000002&lt=-36.35052700542764&s=18113&z=5,Events,27
18114,"ICC : Rm 134 : Darrington Press, Events",ICC : Rm 134,/map?c=27&f=1&lg=17.226562500000004&lt=-5.903102955341075&s=18114&z=5,Events,27
18115,"ICC : Rm 131 - 132 : Monte Cook, Events ",ICC : Rm 131 - 132,/map?c=27&f=1&lg=10.621582031249993&lt=-6.577303118123875&s=18115&z=5,Events,27
18116,"ICC : Rm 123 : Avantris, Events",ICC : Rm 123,/map?c=27&f=1&lg=75.67382812500001&lt=-40.14808859840888&s=18116&z=5,Events,27
18117,"ICC : Rm 128 : RPG, Events",ICC : Rm 128,/map?c=27&f=1&lg=93.603515625&lt=-40.04443758460857&s=18117&z=5,Events,27
18522,"Field : Able Kompanie, Events",Field : Able Kompanie,/map?c=27&f=0&lg=24.6280078125&lt=73.61026426806401&s=18522&z=5,Events,27
18523,"Field : Orange, Events",Field : Orange,/map?c=27&f=0&lg=27.77132812500001&lt=73.84170581737096&s=18523&z=5,Events,27
18524,"Field : Themeborne, Events",Field : Themeborne,/map?c=27&f=0&lg=21.47088867187502&lt=77.57570519673993&s=18524&z=5,Events,27
18525,"Field : Roll & Play Press, Events",Field : Roll & Play,/map?c=27&f=0&lg=21.14305664062502&lt=77.36766815100461&s=18525&z=5,Events,27
18526,"Field : White, Events",Field : White,/map?c=27&f=0&lg=20.20192382812501&lt=76.73414654396078&s=18526&z=5,Events,27
18527,"Field : Nascrag, Events",Field : Nascrag,/map?c=27&f=0&lg=22.587890625000004&lt=76.05503470028691&s=18527&z=5,Events,27
18528,"Field : Conspiracy of Gamers, Events",Field : Consipiracy of Gamers,/map?c=27&f=0&lg=27.946230468749995&lt=75.20844693649421&s=18528&z=5,Events,27
18529,"Field : Rising Phoenix, Events",Field : Rising Phoenix,/map?c=27&f=0&lg=35.37404296875001&lt=74.42164739747965&s=18529&z=5,Events,27
18530,"Field : Rogue Judges, Events",Field : Rogue Judges,/map?c=27&f=0&lg=36.09984374999999&lt=75.61016516693995&s=18530&z=5,Events,27
18531,"Field : Goodman Games, Events",Field : Goodman Games,/map?c=27&f=0&lg=29.860048828125006&lt=76.2055269609833&s=18531&z=5,Events,27
18532,"Field : Bandai, Events",Field : Bandai,/map?c=27&f=0&lg=40.17568359375002&lt=75.18385653301563&s=18532&z=5,Events,27
18533,"Field : Bandai, Events",Field : Bandai,/map?c=27&f=0&lg=44.570478515625&lt=75.38390217607798&s=18533&z=5,Events,27
18534,"Field : Red, Events",Field : Red,/map?c=27&f=0&lg=41.246015625000005&lt=76.56092988509418&s=18534&z=5,Events,27
18535,"Field : Fight in the Skies, Events",Field : Fight in the Skies Society,/map?c=27&f=0&lg=43.799326171875&lt=77.67860558422768&s=18535&z=5,Events,27
18536,"Field : Bear Left Solutions, Events",Field : Bear Left Solutions,/map?c=27&f=0&lg=39.19921875000001&lt=78.42019327591201&s=18536&z=5,Events,27
18537,"Field : Green, Events",Field : Green,/map?c=27&f=0&lg=37.63450195312502&lt=77.59724376481813&s=18537&z=5,Events,27
18538,"Field : Stadium Midfield Experience, Events",Field : Stadium Midfield Experience,/map?c=27&f=0&lg=36.220693359375&lt=77.1082308340476&s=18538&z=5,Events,27
18539,"Field : Blue, Events",Field : Blue,/map?c=27&f=0&lg=33.204902343749986&lt=77.39510581083029&s=18539&z=5,Events,27
18540,"Field : Magic: the Gathering, Events",Field : Magic: the Gathering,/map?c=27&f=0&lg=30.89162109375001&lt=78.68186979139158&s=18540&z=5,Events,27
18541,"Field : Yellow, Events",Field : Yellow,/map?c=27&f=0&lg=50.1215625&lt=79.16424859489524&s=18541&z=5,Events,27
18542,"Field : Game Library, Events",Field : Game Library,/map?c=27&f=0&lg=41.23916015625001&lt=80.01004497004601&s=18542&z=5,Events,27
18543,"Field : Purple, Events",Field : Purple,/map?c=27&f=0&lg=31.80234375000002&lt=80.59308898381958&s=18543&z=5,Events,27
18544,"Hall E : Asmodee, Events",ICC : Hall E : Asmodee,/map?c=27&f=1&lg=42.48896484375&lt=-18.81879100408091&s=18544&z=5,Events,27
18545,"Hall E : Ravensburger, Events",ICC : Hall E : Ravensburger,/map?c=27&f=1&lg=47.764248046875004&lt=-20.061958086979768&s=18545&z=5,Events,27
18546,"Hall E : Magic: the Gathering, Events",ICC : Hall E : Magic: the Gathering,/map?c=27&f=1&lg=51.50390625000001&lt=-22.512556954051437&s=18546&z=5,Events,27
18547,"Hall E : Games Workshop, Events",ICC : Hall E : Games Workshop,/map?c=27&f=1&lg=55.07200195312503&lt=-16.331020198749595&s=18547&z=5,Events,27
18548,"Hall E : Avalon Hill, Events",ICC : Hall E : Avalon Hill,/map?c=27&f=1&lg=55.63212890624999&lt=-22.49850985564489&s=18548&z=5,Events,27
18549,"Hall C : Warhammer, Events",ICC : Hall C : Warhammer,/map?c=27&f=1&lg=59.8946484375&lt=-11.894529372947&s=18549&z=6,Events,27
18550,"Hall C : Dice Throne, Events",ICC : Hall C : Dice Throne,/map?c=27&f=1&lg=59.89456054687501&lt=-14.801735962234439&s=18550&z=5,Events,27
18551,"Hall C : Meeple Source, Events",ICC : Hall C : Meeple Source,/map?c=27&f=1&lg=62.52802734375&lt=-12.260741039138537&s=18551&z=5,Events,27
18552,"Hall C : Green, Events",ICC : Hall C : Hall C: Green,/map?c=27&f=1&lg=63.89525390625&lt=-14.706629212499644&s=18552&z=5,Events,27
18553,"Hall C : White, Events",ICC : Hall C : Hall C: White,/map?c=27&f=1&lg=69.020771484375&lt=-14.658167463625787&s=18553&z=5,Events,27
18554,"Hall C : Kingdom Death, Events",ICC : Hall C : Kingdom Death,/map?c=27&f=1&lg=70.4415234375&lt=-11.551247049392348&s=18554&z=5,Events,27
18555,"Hall C : Spin Master, Events",ICC : Hall C : Spin Master,/map?c=27&f=1&lg=73.0782421875&lt=-11.529718601399342&s=18555&z=5,Events,27
18556,"Hall C : Teburu, Events",ICC : Hall C : Teburu,/map?c=27&f=1&lg=73.0782421875&lt=-12.989742202307454&s=18556&z=6,Events,27
18557,"Hall C : Mindware, Events",ICC : Hall C : Mindware,/map?c=27&f=1&lg=73.0782421875&lt=-13.71661000417167&s=18557&z=6,Events,27
18558,"Hall C : Albi, Events",ICC : Hall C : Albi,/map?c=27&f=1&lg=73.0782421875&lt=-14.44123406110086&s=18558&z=6,Events,27
18559,"Hall C : Steve Jackson, Events",ICC : Hall C : Steve Jackson,/map?c=27&f=1&lg=73.0782421875&lt=-15.481379537279663&s=18559&z=5,Events,27
18560,"Hall C : Hasbro Games, Events",ICC : Hall C : Hasbro,/map?c=27&f=1&lg=59.89456054687501&lt=-17.965858376131276&s=18560&z=5,Events,27
18561,"Hall C : Wizards of the Coast, Events",ICC : Hall C : Wizards of the Coast,/map?c=27&f=1&lg=59.8946484375&lt=-20.82874908545922&s=18561&z=5,Events,27
18562,"Hall C : Yellow, Events",ICC : Hall C : Hall C: Yellow,/map?c=27&f=1&lg=63.70119140624999&lt=-18.970963827501407&s=18562&z=5,Events,27
18563,"Hall C : Red, Events",ICC : Hall C : Hall C: Red,/map?c=27&f=1&lg=69.20173828125002&lt=-18.216828953260723&s=18563&z=5,Events,27
18564,"Hall C : The Op Games, Events",ICC : Hall C : The OP Games,/map?c=27&f=1&lg=70.44143554687501&lt=-23.40897560612799&s=18564&z=5,Events,27
18565,"Hall B : Soul Master, Events",ICC : Hall B : Soul Master,/map?c=27&f=1&lg=73.03420898437501&lt=-17.503843732733298&s=18565&z=6,Events,27
18566,"Hall C : Wonderful World, Events",ICC : Hall C : Wonderful World,/map?c=27&f=1&lg=73.03420898437501&lt=-18.56936281360825&s=18566&z=6,Events,27
18567,"Hall C : Bitewing Games, Events",ICC : Hall C : Bitewing Games,/map?c=27&f=1&lg=73.03420898437501&lt=-19.317530041841493&s=18567&z=6,Events,27
18568,"Hall C : LRG Games, Events",ICC : Hall C : LRG,/map?c=27&f=1&lg=73.03420898437501&lt=-20.138470312451155&s=18568&z=6,Events,27
18569,"Hall C : Happy Camper Games, Events",ICC : Hall C : Happy Camper Games,/map?c=27&f=1&lg=73.03420898437501&lt=-20.715015145512087&s=18569&z=6,Events,27
18570,"Hall C : Bicycle Games, Events",ICC : Hall C : Bicycle Games,/map?c=27&f=1&lg=73.03420898437501&lt=-21.41846256253555&s=18570&z=6,Events,27
18571,"Hall C : Bluencore, Events",ICC : Hall C : Bluencore,/map?c=27&f=1&lg=73.03420898437501&lt=-22.112268748671806&s=18571&z=6,Events,27
18572,"Hall C : Night Crew Games, Events",ICC : Hall C : Night Crew Games,/map?c=27&f=1&lg=73.034296875&lt=-22.75592068148639&s=18572&z=6,Events,27
18573,"Hall C : Road to Infamy Games, Events",ICC : Hall B : Road to Infamy,/map?c=27&f=1&lg=73.034296875&lt=-23.40276490540795&s=18573&z=6,Events,27
18574,"Hall C : NorthStar Game Studio, Events",ICC : Hall B : Northstar Games,/map?c=27&f=1&lg=73.034296875&lt=-24.04646399966658&s=18574&z=6,Events,27
18575," Hall B : Weird Co, Events",ICC : Hall B : Weird Co,/map?c=27&f=1&lg=76.9454296875&lt=-14.8026706745675&s=18575&z=5,Events,27
18576,"Hall B : Diana Jones Awards, Events",ICC : Hall B : Diana Jones Awards,/map?c=27&f=1&lg=76.9454296875&lt=-16.516321275501706&s=18576&z=6,Events,27
18577,"Hall B : Maestro Media, Events",ICC : Hall B : Maestro Media,/map?c=27&f=1&lg=76.9454296875&lt=-17.399037315067716&s=18577&z=6,Events,27
18578,"Hall B : Kinson Key Games, Events",ICC : Hall B : Kinson Key Games,/map?c=27&f=1&lg=76.9454296875&lt=-17.936928637549443&s=18578&z=6,Events,27
18579,"Hall B : Legend Story, Events",ICC : Hall B : Legend Story,/map?c=27&f=1&lg=80.80215820312502&lt=-16.615474683423862&s=18579&z=5,Events,27
18580,"Hall B : Orange, Events",ICC : Hall B : Hall B: Orange,/map?c=27&f=1&lg=86.07621093750004&lt=-14.449149487594399&s=18580&z=5,Events,27
18581,"Hall B : Protocle, Events",ICC : Hall B : Protocle,/map?c=27&f=1&lg=84.855234375&lt=-16.958197654953455&s=18581&z=5,Events,27
18582,"Hall B : Cryptozoic Entertainment, Events",ICC : Hall B : Cryptozoic Entertainment,/map?c=27&f=1&lg=87.53625&lt=-17.4409671130932&s=18582&z=5,Events,27
18583,"Hall B : Purple, Events",ICC : Hall B : Hall B: Purple,/map?c=27&f=1&lg=95.33654296875001&lt=-15.862183496807754&s=18583&z=5,Events,27
18584,"Hall B : No Rails Adventure Team, Events",ICC : Hall B : No Rails Adventure Team,/map?c=27&f=1&lg=102.475986328125&lt=-15.523726054281587&s=18584&z=5,Events,27
18585,"Hall B : TNT Laser Works, Events",ICC : Hall B : TNT Laser Works,/map?c=27&f=1&lg=76.94595703125002&lt=-19.272983927846575&s=18585&z=6,Events,27
18586,"Hall B : Façade Games, Events",ICC : Hall B : Façade Games,/map?c=27&f=1&lg=76.94595703125002&lt=-20.017948710065095&s=18586&z=6,Events,27
18587,"Hall B : Boss Battle Games, Events",ICC : Hall B : Boss Battle,/map?c=27&f=1&lg=76.94595703125002&lt=-20.71797462678681&s=18587&z=6,Events,27
18588,"Hall B : Enginuity, Events",ICC : Hall B : Enginuity Games,/map?c=27&f=1&lg=76.9454296875&lt=-21.346688163744094&s=18588&z=6,Events,27
18589,"Hall B : SFR Inc, Events",ICC : Hall B : SFR,/map?c=27&f=1&lg=76.9454296875&lt=-22.417284821674397&s=18589&z=6,Events,27
18590,"Hall B : Horrible Guild, Events",ICC : Hall B : Horrible Guild,/map?c=27&f=1&lg=76.94595703125002&lt=-23.751320392227036&s=18590&z=6,Events,27
18591,"Hall B : Pokemon, Events",ICC : Hall B : Pokémon,/map?c=27&f=1&lg=79.5821484375&lt=-21.72496682941513&s=18591&z=6,Events,27
18592,"Hall B : Resurrection Games, Events",ICC : Hall B : Resurrection Games,/map?c=27&f=1&lg=82.174921875&lt=-21.72496682941513&s=18592&z=6,Events,27
18593,"Hall B : Outset, Events",ICC : Hall B : Outset Media,/map?c=27&f=1&lg=84.81164062500001&lt=-21.72496682941513&s=18593&z=5,Events,27
18594,"Hall B : Restoration Games, Events",ICC : Hall B : Restoration Games,/map?c=27&f=1&lg=87.39404296875&lt=-21.72496682941513&s=18594&z=6,Events,27
18595,"Hall B : Upper Deck, Events",ICC : Hall B : Upper Deck,/map?c=27&f=1&lg=90.085078125&lt=-21.72496682941513&s=18595&z=5,Events,27
18596,"Hall B : Iello, Events",ICC : Hall B : Iello,/map?c=27&f=1&lg=92.72179687500001&lt=-21.72496682941513&s=18596&z=5,Events,27
18597,"Hall B : Bandai, Events",ICC : Hall B : Bandai,/map?c=27&f=1&lg=96.676875&lt=-21.72496682941513&s=18597&z=5,Events,27
18598,"Hall B : Roseart Games, Events",location-label: ICC : Hall B : Roseart Games,/map?c=27&f=1&lg=100.63195312500001&lt=-19.400451335927606&s=18598&z=6,Events,27
18599,"Hall B : Lost Boy Entertainment, Events",location-label: ICC : Hall B : Lost Boy Entertainment,/map?c=27&f=1&lg=100.63195312500001&lt=-20.103561605213546&s=18599&z=6,Events,27
18600,"Hall B : LRG Games, Events",ICC : Hall B : LRG Games,/map?c=27&f=1&lg=100.63195312500001&lt=-20.88566601062585&s=18600&z=6,Events,27
18601,"Hall B : UVS Games, Events",ICC : Hall B : UVS Games,/map?c=27&f=1&lg=100.63195312500001&lt=-21.72496682941513&s=18601&z=5,Events,27
18602,"Hall A : No Rails Adventure Team, Events",ICC : Hall A : No Rails Adventure Team,/map?c=27&f=1&lg=108.45202148437502&lt=-14.057725215289993&s=18602&z=5,Events,27
18603,"Hall A : Ottawa Red Shirts, Events",ICC : Hall A : Ottawa Red Shirts,/map?c=27&f=1&lg=107.530400390625&lt=-16.852409208898173&s=18603&z=5,Events,27
18604,"Hall A : Cincinnati Arsenal Gaming, Events",ICC : Hall A : Cincinnati Arsenal Gaming,/map?c=27&f=1&lg=108.54492187500001&lt=-20.138470312451155&s=18604&z=5,Events,27
18605,"Hall A : Wyrd Games, Events",ICC : Hall A : Wyrd Miniatures,/map?c=27&f=1&lg=105.33287109375003&lt=-22.354953005647825&s=18605&z=5,Events,27
18606,"Hall A : Riot Games, Events",ICC : Hall A : Riot Games,/map?c=27&f=1&lg=107.13181640625002&lt=-24.99195308937604&s=18606&z=5,Events,27
18607,"Hall A : Renegade Game Studio, Events",ICC : Hall A : Renegade Game Studio,/map?c=27&f=1&lg=107.13181640625002&lt=-27.201799120603265&s=18607&z=5,Events,27
18608,"Hall A : Catalyst Game Labs, Events",ICC : Hall A : Catalyst Game Labs,/map?c=27&f=1&lg=107.13181640625002&lt=-30.549318703688584&s=18608&z=5,Events,27
18609,"Hall B : Incredible Dream, Events",ICC : Hall B : Incredible Dream,/map?c=27&f=1&lg=99.654345703125&lt=-28.426342862879423&s=18609&z=5,Events,27
18610,"Hall B : Japanime Games, Events",ICC : Hall B : Japanime Games,/map?c=27&f=1&lg=99.654345703125&lt=-30.378713763020215&s=18610&z=6,Events,27
18611,"Hall B : Department of Lore, Events",ICC : Hall B : Department of Lore,/map?c=27&f=1&lg=99.654345703125&lt=-31.02107882218423&s=18611&z=6,Events,27
18612,"Hall B : Rakshasa Games, Events",ICC : Hall B : Rakshasa Games,/map?c=27&f=1&lg=99.654345703125&lt=-31.808643942841616&s=18612&z=6,Events,27
18613,"Hall B : Ghost Galaxy, Events",ICC : Hall B : Ghost Galaxy,/map?c=27&f=1&lg=99.654345703125&lt=-32.552517736899944&s=18613&z=5,Events,27
18614,"Hall B : Erik's Curiosa, Events",ICC : Hall B : Erik's Curiosa,/map?c=27&f=1&lg=96.97719726562505&lt=-29.119610973784923&s=18614&z=5,Events,27
18615,"Hall B : Kingswood Games, Events",ICC : Hall B : Kingswood Games,/map?c=27&f=1&lg=94.336962890625&lt=-28.134390642743078&s=18615&z=6,Events,27
18616,"Hall B : Pine Box Entertainment, Events",ICC : Hall B : Pine Box,/map?c=27&f=1&lg=91.744189453125&lt=-27.767318309511285&s=18616&z=5,Events,27
18617,"Hall B : Archon Studio, Events",ICC : Hall B : Archon Studio,/map?c=27&f=1&lg=89.107470703125&lt=-27.767318309511285&s=18617&z=5,Events,27
18618,"Hall B : Corvus Belli, Events",ICC : Hall B : Corvus Belli,/map?c=27&f=1&lg=86.470751953125&lt=-27.767318309511285&s=18618&z=5,Events,27
18619,"Hall B : Red, Events",ICC : Hall B : Hall B: Red,/map?c=27&f=1&lg=90.110830078125&lt=-29.865570432332074&s=18619&z=5,Events,27
18620,"Hall B : Yellow, Events",ICC : Hall B : Hall B: Yellow,/map?c=27&f=1&lg=91.45125000000003&lt=-31.764042888536522&s=18620&z=5,Events,27
18621,"Hall B : B.A. Games, Events",ICC : Hall B : BA Games,/map?c=27&f=1&lg=82.60356445312499&lt=-27.99440141104616&s=18621&z=5,Events,27
18622,"Hall B : Tycoon Games, Events",ICC : Hall B : Tycoon Games,/map?c=27&f=1&lg=79.966845703125&lt=-27.99440141104616&s=18622&z=5,Events,27
18623,"Hall B : Breaking Games, Events",ICC : Hall B : Breaking Games,/map?c=27&f=1&lg=77.330126953125&lt=-27.767318309511285&s=18623&z=5,Events,27
18624,"Hall B : Green, Events",ICC : Hall B : Hall B: Green,/map?c=27&f=1&lg=79.83008789062502&lt=-31.190022713276832&s=18624&z=5,Events,27
18625,"Hall C : Ares Games, Events",ICC : Hall C : Ares Games,/map?c=27&f=1&lg=73.46654296875&lt=-28.097336458113137&s=18625&z=5,Events,27
18626,"Hall C : Floodgate Games, Events",ICC : Hall C : Floodgate Games,/map?c=27&f=1&lg=70.87376953125&lt=-28.097336458113137&s=18626&z=5,Events,27
18627,"Hall C : Don't Panic Games, Events",ICC : Hall C : Don't Panic Games,/map?c=27&f=1&lg=68.19310546875&lt=-27.53375944351337&s=18627&z=5,Events,27
18628,"Hall C : Paverson Games, Events",ICC : Hall C : Paverson Games,/map?c=27&f=1&lg=65.55638671875&lt=-27.767318309511285&s=18628&z=5,Events,27
18629,"Hall C : Purple, Events",ICC : Hall C : Hall C: Purple,/map?c=27&f=1&lg=67.468359375&lt=-30.287835164919052&s=18629&z=5,Events,27
18630,"Hall C : SmoreySwamp, Events",ICC : Hall C : Smorey Swamp,/map?c=27&f=1&lg=72.22042968750002&lt=-31.914942107843892&s=18630&z=5,Events,27
18631,"Hall C : Indie Game Studios, Events",ICC : Hall C : Indie Game Studios,/map?c=27&f=1&lg=62.91966796875001&lt=-27.767318309511285&s=18631&z=5,Events,27
18632,"Hall C : R&R Games, Events",ICC : Hall C : R&R Games,/map?c=27&f=1&lg=62.91966796875001&lt=-29.234795762708544&s=18632&z=6,Events,27
18633,"Hall C : Calliope Games, Events",ICC : Hall C : Calliope Games,/map?c=27&f=1&lg=62.91966796875001&lt=-29.808390256074357&s=18633&z=6,Events,27
18634,"Hall C : Rollacrit, Events",ICC : Hall C : Rollacrit,/map?c=27&f=1&lg=62.91966796875001&lt=-30.45450772193263&s=18634&z=6,Events,27
18635,"Hall C : Galen's Games, Events",ICC : Hall C : Galen's Games,/map?c=27&f=1&lg=62.91966796875001&lt=-31.096369347600803&s=18635&z=6,Events,27
18636,"Hall C : Adam's Apple Games, Events",ICC : Hall C : Adam's Apple Games,/map?c=27&f=1&lg=62.91966796875001&lt=-31.73392314895165&s=18636&z=6,Events,27
18637,"Hall C : Fireside Games, Events",ICC : Hall C : Fireside Games,/map?c=27&f=1&lg=62.91966796875001&lt=-32.36711963124963&s=18637&z=6,Events,27
18638,"Hall C : Red Raven Games, Events",ICC : Hall C : Red Raven Games,/map?c=27&f=1&lg=62.91966796875001&lt=-32.857440891851994&s=18638&z=6,Events,27
18639,"Hall D : One More Turn Games, Events",ICC : Hall D : One More Turn Games,/map?c=27&f=1&lg=58.56916992187502&lt=-27.074778672390362&s=18639&z=6,Events,27
18640,"Hall D : Play to Z, Events",ICC : Hall D : Play to Z,/map?c=27&f=1&lg=58.56916992187502&lt=-27.883910340882256&s=18640&z=6,Events,27
18641,"Hall D : Ludoliminal, Events",ICC : Hall D : Ludoliminal Games,/map?c=27&f=1&lg=58.56916992187502&lt=-28.54221976307633&s=18641&z=6,Events,27
18642,"Hall B : Dead Alive Games, Events",ICC : Hall D : Dead Alive,/map?c=27&f=1&lg=58.56916992187502&lt=-29.196440775925396&s=18642&z=6,Events,27
18643,"Hall D : Grandpa Beck's Games, Events",ICC : Hall D : Grandpa Beck's Games,/map?c=27&f=1&lg=58.56916992187502&lt=-29.718589566224278&s=18643&z=6,Events,27
18644,"Hall D : Weird Giraffe Games, Events",ICC : Hall D : Weird Giraffe Games,/map?c=27&f=1&lg=58.56916992187502&lt=-30.334953881988564&s=18644&z=6,Events,27
18645,"Hall D : Solsora Games, Events",ICC : Hall D : Solsora Games,/map?c=27&f=1&lg=58.56916992187502&lt=-31.13399225545708&s=18645&z=6,Events,27
18646,"Hall D : Rebellion Unplugged, Events",ICC : Hall D : Rebellion Unplugged,/map?c=27&f=1&lg=58.56916992187502&lt=-31.62172889823507&s=18646&z=6,Events,27
18647,"Hall D : Arcane Wonders, Events",ICC : Hall D : Arcane Wonders,/map?c=27&f=1&lg=58.56916992187502&lt=-32.367639278415695&s=18647&z=6,Events,27
18648,"Hall D : Bad Comet Games, Events",ICC : Hall D : Bad Comet Games,/map?c=27&f=1&lg=58.56916992187502&lt=-32.99591177377207&s=18648&z=6,Events,27
18649,"Hall D : Kosmos, Events",ICC : Hall D : Kosmos,/map?c=27&f=1&lg=55.97639648437502&lt=-27.961568716735627&s=18649&z=5,Events,27
18650,"Hall D : Smirk & Dagger Games, Events",ICC : Hall D : Smirk & Dagger Games,/map?c=27&f=1&lg=53.33625000000001&lt=-27.767318309511285&s=18650&z=5,Events,27
18651,"Hall D : Green, Events",ICC : Hall D : Hall D: Green,/map?c=27&f=1&lg=54.61409179687502&lt=-31.02107882218423&s=18651&z=5,Events,27
18652,"Hall D : Chip Theory Games, Events",ICC : Hall D : Chip Theory Games,/map?c=27&f=1&lg=50.65901367187502&lt=-27.650601226807513&s=18652&z=5,Events,27
18653,"Hall D : Mighty Boards, Events",ICC : Hall D : Mighty Boards,/map?c=27&f=1&lg=48.02229492187502&lt=-28.097336458113137&s=18653&z=5,Events,27
18654,"Hall D : Blue, Events",ICC : Hall D : Hall D: Blue,/map?c=27&f=1&lg=49.43091796875003&lt=-31.152497251748024&s=18654&z=5,Events,27
18655,"Hall D : Devir, Events",ICC : Hall D : Devir,/map?c=27&f=1&lg=45.42952148437502&lt=-28.252289506580826&s=18655&z=5,Events,27
18656,"Hall D : Darrington Press, Events",ICC : Hall D : Darrington Press,/map?c=27&f=1&lg=42.76713867187499&lt=-28.097336458113137&s=18656&z=6,Events,27
18657,"Hall D : Luma Imports, Events",ICC : Hall D : Luma Imports,/map?c=27&f=1&lg=40.15608398437502&lt=-28.097336458113137&s=18657&z=5,Events,27
18658,"Hall D : Orange, Events",ICC : Hall D : Hall D: Orange,/map?c=27&f=1&lg=42.79280273437502&lt=-31.30311059483084&s=18658&z=5,Events,27
18664,Stadium : West Club Lounge : Wizards of the Coast & Baldman Games,Stadium : West Club Lounge : Wizards of the Coast & Baldman Games,/map?c=27&f=1&lg=55.37109375000001&lt=74.6367480410086&s=18664&z=5,Events,27
18669,"ICC : Rm 234 : Kess Entertainment, Events ",ICC : Rm 234,/map?c=27&f=2&lg=11.865234375&lt=-6.227933930268672&s=18669&z=5,Events,27
18670,Hilton : Indianapolis Ballroom : Megagames Events,,/map?c=27&f=2&lg=-38.84765625000001&lt=-82.49482361179574&s=18670&z=5,Events,27
1319,Columbia Club,,/map?c=0&f=1&lg=-118.47656250000001&lt=-83.42424218162927&s=1319&z=3,Hotels,0
1320,Holiday Inn Downtown,,/map?c=0&f=1&lg=111.97265625000001&lt=78.27105697162024&s=1320&z=3,Hotels,0
1321,Conrad,,/map?c=0&f=1&lg=-63.45703125000001&lt=-73.6871421455497&s=1321&z=3,Hotels,0
1322,Courtyard by Marriott,,/map?c=0&f=1&lg=161.89453125000003&lt=-63.704722429433225&s=1322&z=3,Hotels,0
1323,Crowne Plaza,,/map?c=0&f=1&lg=-32.78320312500001&lt=45.1510532655634&s=1323&z=3,Hotels,0
1324,Embassy Suites,,/map?c=0&f=1&lg=-41.57226562500001&lt=-73.47848507889991&s=1324&z=3,Hotels,0
1325,Fairfield Inn & Suites,,/map?c=0&f=1&lg=147.83203125000003&lt=-62.60951894940315&s=1325&z=3,Hotels,0
1326,Hampton Inn,,/map?c=0&f=1&lg=-109.33593750000001&lt=-42.05908161082984&s=1326&z=3,Hotels,0
1327,Hilton Garden Inn,,/map?c=0&f=1&lg=-132.53906250000003&lt=-82.02625635144648&s=1327&z=3,Hotels,0
1329,Holiday Inn Express Hotel & Suites,,/map?c=0&f=1&lg=85.78125&lt=67.59582503112841&s=1329&z=3,Hotels,0
1331,JW Marriott,,/map?c=0&f=1&lg=147.39257812500003&lt=-55.02802211299251&s=1331&z=3,Hotels,0
1332,Le Meridien,,/map?c=0&f=1&lg=-61.34765625000001&lt=-27.68352808378777&s=1332&z=3,Hotels,0
1333,Marriott,,/map?c=0&f=1&lg=64.68750000000001&lt=-60.15244221438077&s=1333&z=3,Hotels,0
1334,Omni Severin,,/map?c=0&f=1&lg=-65.65429687500001&lt=4.5654735507102915&s=1334&z=3,Hotels,0
1335,Sheraton City Centre,,/map?c=0&f=1&lg=-83.32031250000001&lt=-84.86892700859708&s=1335&z=3,Hotels,0
1336,SpringHill Suites,,/map?c=0&f=1&lg=171.38671875&lt=-63.704722429433225&s=1336&z=3,Hotels,0
1337,Westin,,/map?c=0&f=1&lg=41.74804687500001&lt=-57.51582286553883&s=1337&z=3,Hotels,0
2625,Staybridge Suites Downtown,,/map?c=0&f=1&lg=113.02734375000001&lt=81.78620992719186&s=2625&z=3,Hotels,0
2626,Home2 Suites,,/map?c=0&f=1&lg=-168.39843750000003&lt=-83.04752889355734&s=2626&z=3,Hotels,0
2627,Hilton,,/map?c=0&f=1&lg=-38.21501953124999&lt=-82.24820773658185&s=2627&z=3,Hotels,0
10576,Westin,,/map?c=0&f=1&lg=41.74804687500001&lt=-57.51582286553883&s=10576&z=3,Hotels,0
10577,Hyatt ,,/map?c=0&f=1&lg=-34.35345703125&lt=-57.421294392094055&s=10577&z=3,Hotels,0
15959,Le Meridien : 2nd Floor,,/map?c=0&f=2&lg=-61.34765625000001&lt=-27.68352808378777&s=15959&z=3,Hotels,0
18023,Hilton,,/map?c=0&f=2&lg=-38.21501953124999&lt=-82.24820773658185&s=18023&z=3,Hotels,0
18024,Hilton,,/map?c=0&f=3&lg=-38.21501953124999&lt=-82.24820773658185&s=18024&z=3,Hotels,0
18026,Hilton,,/map?c=0&f=0&lg=-38.21501953124999&lt=-82.24820773658185&s=18026&z=3,Hotels,0
1108,Crowne Plaza : Conrail Station,,/map?c=0&f=1&lg=-48.20800781250001&lt=51.28390900876724&s=1108&z=5,Spaces,0
1109,Crowne Plaza : Executive Boardroom,,/map?c=0&f=1&lg=-45.39550781250001&lt=49.34803030562312&s=1109&z=5,Spaces,0
1110,Crowne Plaza : Grand Central,,/map?c=0&f=1&lg=-24.916992187500004&lt=49.37665070583273&s=1110&z=5,Spaces,0
1111,Crowne Plaza : Haymarket Station,,/map?c=0&f=1&lg=-48.91113281250001&lt=49.433841539243204&s=1111&z=5,Spaces,0
1112,Crowne Plaza : Illinois Street Ballroom,,/map?c=0&f=2&lg=-54.88769531250001&lt=37.18832907391137&s=1112&z=5,Spaces,0
1113,Crowne Plaza : Pennsylvania Station,,/map?c=0&f=1&lg=-15.468750000000002&lt=49.97383551860351&s=1113&z=5,Spaces,0
1114,Crowne Plaza : Victoria Station,,/map?c=0&f=1&lg=-20.0830078125&lt=49.405254449516434&s=1114&z=5,Spaces,0
1115,Embassy Suites : Ambassador,,/map?c=0&f=3&lg=-37.39746093750001&lt=-72.4779226562268&s=1115&z=5,Spaces,0
1116,Embassy Suites : Chancellor,,/map?c=0&f=3&lg=-44.16503906250001&lt=-74.39270687023212&s=1116&z=5,Spaces,0
1117,Embassy Suites : Consulate,,/map?c=0&f=3&lg=-35.77148437500001&lt=-74.84722625235298&s=1117&z=5,Spaces,0
1118,Embassy Suites : Coronation,,/map?c=0&f=3&lg=-45.21972656250001&lt=-72.15758274887826&s=1118&z=5,Spaces,0
1119,Embassy Suites : Envoy,,/map?c=0&f=3&lg=-34.62890625000001&lt=-73.32306651087679&s=1119&z=5,Spaces,0
1120,Hyatt : Concept,,/map?c=0&f=2&lg=-25.620117187500004&lt=-65.62565008556896&s=1120&z=5,Spaces,0
1121,Hyatt : Cosmopolitan Ballroom,,/map?c=0&f=3&lg=-22.6318359375&lt=-56.82974192287124&s=1121&z=5,Spaces,0
1122,Hyatt : Directors,,/map?c=0&f=2&lg=-20.576953124999992&lt=-61.80013092159246&s=1122&z=5,Spaces,0
1123,Hyatt : Discovery,,/map?c=0&f=3&lg=-28.1689453125&lt=-53.02007050050655&s=1123&z=5,Spaces,0
1124,Hyatt : Network,,/map?c=0&f=2&lg=-30.476074218750004&lt=-63.5505096617025&s=1124&z=5,Spaces,0
1125,Hyatt : Outlook Boardroom,,/map?c=0&f=3&lg=-17.786425781249992&lt=-63.060932653912126&s=1125&z=5,Spaces,0
1126,Hyatt : Regency Ballroom,,/map?c=0&f=2&lg=-23.510742187500004&lt=-58.0360255306321&s=1126&z=5,Spaces,0
1127,Hyatt : Studio,,/map?c=0&f=3&lg=-29.465332031250004&lt=-63.344244309581114&s=1127&z=5,Spaces,0
1128,Hyatt : Synergy Boardroom,,/map?c=0&f=2&lg=-33.92578125000001&lt=-61.96374724222012&s=1128&z=5,Spaces,0
1129,Hyatt : Theory,,/map?c=0&f=2&lg=-16.611328125000004&lt=-63.86390778599235&s=1129&z=5,Spaces,0
1130,Hyatt : Vision,,/map?c=0&f=3&lg=-15.292968750000002&lt=-63.960531914473776&s=1130&z=5,Spaces,0
1131,ICC : 500 Ballroom,,/map?c=0&f=1&lg=10.195312500000002&lt=-20.887554658848018&s=1131&z=5,Spaces,0
1132,ICC : 500 Reception,,/map?c=0&f=1&lg=17.314453125000004&lt=-23.61231530725503&s=1132&z=5,Spaces,0
1133,ICC : Capitol Concourse,,/map?c=0&f=1&lg=-4.526367187500001&lt=20.706794060891202&s=1133&z=5,Spaces,0
1134,ICC : Crossroads Lobby,,/map?c=0&f=1&lg=31.640625000000004&lt=-40.65397178784898&s=1134&z=5,Spaces,0
1135,ICC : Exhibit Hall A,,/map?c=0&f=1&lg=103.53515625&lt=-23.491461521239493&s=1135&z=4,Spaces,0
1136,ICC : Exhibit Hall B,,/map?c=0&f=1&lg=88.1103515625&lt=-23.77328042928107&s=1136&z=4,Spaces,0
1137,ICC : Exhibit Hall C,,/map?c=0&f=1&lg=72.90527343750001&lt=-23.61231530725503&s=1137&z=4,Spaces,0
1138,ICC : Exhibit Hall D,,/map?c=0&f=1&lg=52.20703125000001&lt=-27.8079842817478&s=1138&z=4,Spaces,0
1139,ICC : Exhibit Hall E,,/map?c=0&f=1&lg=52.3828125&lt=-16.728802328577213&s=1139&z=4,Spaces,0
1140,ICC : Exhibit Hall F,,/map?c=0&f=1&lg=67.19238281250001&lt=0.6064339893763078&s=1140&z=4,Spaces,0
1141,ICC : Exhibit Hall G,,/map?c=0&f=1&lg=66.97265625000001&lt=18.429586558804505&s=1141&z=4,Spaces,0
1142,ICC : Exhibit Hall H,,/map?c=0&f=1&lg=43.28613281250001&lt=17.42612506556569&s=1142&z=4,Spaces,0
1143,ICC : Exhibit Hall I,,/map?c=0&f=1&lg=24.741210937500004&lt=19.92377851326472&s=1143&z=4,Spaces,0
1144,ICC : Exhibit Hall J,,/map?c=0&f=1&lg=5.009765625000001&lt=11.212889096705172&s=1144&z=4,Spaces,0
1145,ICC : Exhibit Hall K,,/map?c=0&f=1&lg=4.921875000000001&lt=27.05129852103413&s=1145&z=4,Spaces,0
1146,ICC : Rm 101,,/map?c=0&f=1&lg=4.086914062500001&lt=-32.45786406122953&s=1146&z=5,Spaces,0
1147,ICC : Rm 102,,/map?c=0&f=1&lg=4.042968750000001&lt=-35.42844883904775&s=1147&z=5,Spaces,0
1148,ICC : Rm 103,,/map?c=0&f=1&lg=8.041992187500002&lt=-35.42844883904775&s=1148&z=5,Spaces,0
1149,ICC : Rm 104,,/map?c=0&f=1&lg=10.656738281250002&lt=-35.517920071770504&s=1149&z=5,Spaces,0
1150,ICC : Rm 105,,/map?c=0&f=1&lg=14.655761718750002&lt=-35.517920071770504&s=1150&z=5,Spaces,0
1151,ICC : Rm 106,,/map?c=0&f=1&lg=14.633789062500002&lt=-32.55051747672617&s=1151&z=5,Spaces,0
1152,ICC : Rm 107,,/map?c=0&f=1&lg=22.52197265625&lt=-32.60606367611056&s=1152&z=5,Spaces,0
1153,ICC : Rm 108,,/map?c=0&f=1&lg=22.52197265625&lt=-35.500033790837826&s=1153&z=5,Spaces,0
1154,ICC : Rm 109,,/map?c=0&f=1&lg=27.861328125&lt=-35.500033790837826&s=1154&z=5,Spaces,0
1155,ICC : Rm 110,,/map?c=0&f=1&lg=27.839355468750004&lt=-32.51346756726271&s=1155&z=5,Spaces,0
1156,ICC : Rm 111,,/map?c=0&f=1&lg=23.840332031250004&lt=-30.49033774861883&s=1156&z=5,Spaces,0
1157,ICC : Rm 112,,/map?c=0&f=1&lg=21.093750000000004&lt=-30.39562091486022&s=1157&z=5,Spaces,0
1158,ICC : Rm 113,,/map?c=0&f=1&lg=12.062988281250002&lt=-30.300812144083952&s=1158&z=5,Spaces,0
1159,ICC : Rm 114,,/map?c=0&f=1&lg=9.162597656250002&lt=-30.300812144083952&s=1159&z=5,Spaces,0
1160,ICC : Rm 115,,/map?c=0&f=1&lg=6.284179687500001&lt=-30.300812144083952&s=1160&z=5,Spaces,0
1161,ICC : Rm 116,,/map?c=0&f=1&lg=23.818359375000004&lt=-24.730866412271897&s=1161&z=5,Spaces,0
1162,ICC : Rm 117,,/map?c=0&f=1&lg=26.542968750000004&lt=-24.730866412271897&s=1162&z=5,Spaces,0
1163,ICC : Rm 120,,/map?c=0&f=1&lg=67.54394531250001&lt=-40.29963818800605&s=1163&z=5,Spaces,0
1164,ICC : Rm 121,,/map?c=0&f=1&lg=70.11474609375001&lt=-40.29963818800605&s=1164&z=5,Spaces,0
1165,ICC : Rm 122,,/map?c=0&f=1&lg=72.88330078125001&lt=-40.29963818800605&s=1165&z=5,Spaces,0
1166,ICC : Rm 123,,/map?c=0&f=1&lg=75.49804687500001&lt=-40.29963818800605&s=1166&z=5,Spaces,0
1167,ICC : Rm 124,,/map?c=0&f=1&lg=78.13476562500001&lt=-40.29963818800605&s=1167&z=5,Spaces,0
1168,ICC : Rm 125,,/map?c=0&f=1&lg=85.42968750000001&lt=-40.29963818800605&s=1168&z=5,Spaces,0
1169,ICC : Rm 126,,/map?c=0&f=1&lg=88.30810546875001&lt=-40.29963818800605&s=1169&z=5,Spaces,0
1170,ICC : Rm 127,,/map?c=0&f=1&lg=91.142578125&lt=-40.29963818800605&s=1170&z=5,Spaces,0
1171,ICC : Rm 128,,/map?c=0&f=1&lg=93.84521484375001&lt=-40.29963818800605&s=1171&z=5,Spaces,0
1172,ICC : Rm 130,,/map?c=0&f=1&lg=6.635742187500001&lt=-6.716982781531229&s=1172&z=5,Spaces,0
1173,ICC : Rm 131,,/map?c=0&f=1&lg=9.272460937500002&lt=-6.716982781531229&s=1173&z=5,Spaces,0
1174,ICC : Rm 132,,/map?c=0&f=1&lg=11.909179687500002&lt=-6.716982781531229&s=1174&z=5,Spaces,0
1175,ICC : Rm 133,,/map?c=0&f=1&lg=14.677734375000002&lt=-6.716982781531229&s=1175&z=5,Spaces,0
1176,ICC : Rm 134,,/map?c=0&f=1&lg=17.204589843750004&lt=-6.716982781531229&s=1176&z=5,Spaces,0
1177,ICC : Rm 135,,/map?c=0&f=1&lg=19.797363281250004&lt=-6.716982781531229&s=1177&z=5,Spaces,0
1178,ICC : Rm 136,,/map?c=0&f=1&lg=22.52197265625&lt=-6.716982781531229&s=1178&z=5,Spaces,0
1179,ICC : Rm 137,,/map?c=0&f=1&lg=25.158691406250004&lt=-6.716982781531229&s=1179&z=5,Spaces,0
1180,ICC : Rm 138,,/map?c=0&f=1&lg=27.817382812500004&lt=-6.716982781531229&s=1180&z=5,Spaces,0
1181,ICC : Rm 139,,/map?c=0&f=1&lg=30.344238281250004&lt=-6.716982781531229&s=1181&z=5,Spaces,0
1182,ICC : Rm 140,,/map?c=0&f=1&lg=38.29833984375&lt=-6.716982781531229&s=1182&z=5,Spaces,0
1183,ICC : Rm 141,,/map?c=0&f=1&lg=40.89111328125001&lt=-6.716982781531229&s=1183&z=5,Spaces,0
1184,ICC : Rm 142,,/map?c=0&f=1&lg=43.57177734375001&lt=-6.716982781531229&s=1184&z=5,Spaces,0
1185,ICC : Rm 143,,/map?c=0&f=1&lg=46.31835937500001&lt=-6.716982781531229&s=1185&z=5,Spaces,0
1186,ICC : Rm 144,,/map?c=0&f=1&lg=48.84521484375001&lt=-6.716982781531229&s=1186&z=5,Spaces,0
1187,ICC : Rm 145,,/map?c=0&f=1&lg=51.52587890625001&lt=-6.716982781531229&s=1187&z=5,Spaces,0
1188,ICC : Rm 201,,/map?c=0&f=2&lg=26.608886718750004&lt=-28.887007418327908&s=1188&z=5,Spaces,0
1189,ICC : Rm 202,,/map?c=0&f=2&lg=23.73046875&lt=-28.887007418327908&s=1189&z=5,Spaces,0
1190,ICC : Rm 203,,/map?c=0&f=2&lg=21.11572265625&lt=-28.887007418327908&s=1190&z=5,Spaces,0
1191,ICC : Rm 204,,/map?c=0&f=2&lg=17.907714843750004&lt=-28.887007418327908&s=1191&z=5,Spaces,0
1192,ICC : Rm 205,,/map?c=0&f=2&lg=18.610839843750004&lt=-23.305937146603995&s=1192&z=5,Spaces,0
1193,ICC : Rm 206,,/map?c=0&f=2&lg=18.610839843750004&lt=-20.96554326511313&s=1193&z=5,Spaces,0
1194,ICC : Rm 207,,/map?c=0&f=2&lg=18.610839843750004&lt=-18.62958886519527&s=1194&z=5,Spaces,0
1195,ICC : Rm 208,,/map?c=0&f=2&lg=23.774414062500004&lt=-22.25249600762267&s=1195&z=5,Spaces,0
1196,ICC : Rm 209,,/map?c=0&f=2&lg=26.542968750000004&lt=-22.25249600762267&s=1196&z=5,Spaces,0
1197,ICC : Rm 210,,/map?c=0&f=2&lg=31.640625000000004&lt=-29.93970337219565&s=1197&z=5,Spaces,0
1198,ICC : Rm 211,,/map?c=0&f=2&lg=34.38720703125001&lt=-29.93970337219565&s=1198&z=5,Spaces,0
1199,ICC : Rm 212,,/map?c=0&f=2&lg=34.38720703125001&lt=-33.43510869506376&s=1199&z=5,Spaces,0
1200,ICC : Rm 231,,/map?c=0&f=2&lg=4.042968750000001&lt=-6.581668706347701&s=1200&z=5,Spaces,0
1201,ICC : Rm 232,,/map?c=0&f=2&lg=6.701660156250001&lt=-6.581668706347701&s=1201&z=5,Spaces,0
1202,ICC : Rm 233,,/map?c=0&f=2&lg=9.272460937500002&lt=-6.581668706347701&s=1202&z=5,Spaces,0
1203,ICC : Rm 234,,/map?c=0&f=2&lg=11.975097656250002&lt=-6.581668706347701&s=1203&z=5,Spaces,0
1204,ICC : Rm 235,,/map?c=0&f=2&lg=14.655761718750002&lt=-6.581668706347701&s=1204&z=5,Spaces,0
1205,ICC : Rm 236,,/map?c=0&f=2&lg=17.182617187500004&lt=-6.581668706347701&s=1205&z=5,Spaces,0
1206,ICC : Rm 237,,/map?c=0&f=2&lg=19.885253906250004&lt=-6.581668706347701&s=1206&z=5,Spaces,0
1207,ICC : Rm 238,,/map?c=0&f=2&lg=22.412109375000004&lt=-6.581668706347701&s=1207&z=5,Spaces,0
1208,ICC : Rm 239,,/map?c=0&f=2&lg=25.136718750000004&lt=-6.581668706347701&s=1208&z=5,Spaces,0
1209,ICC : Rm 240,,/map?c=0&f=2&lg=30.410156250000004&lt=-6.581668706347701&s=1209&z=5,Spaces,0
1210,ICC : Rm 241,,/map?c=0&f=2&lg=33.02490234375001&lt=-6.581668706347701&s=1210&z=5,Spaces,0
1211,ICC : Rm 242,,/map?c=0&f=2&lg=35.66162109375001&lt=-6.581668706347701&s=1211&z=5,Spaces,0
1212,ICC : Rm 243,,/map?c=0&f=2&lg=38.29833984375&lt=-6.581668706347701&s=1212&z=5,Spaces,0
1213,ICC : Rm 244,,/map?c=0&f=2&lg=40.93505859375001&lt=-6.581668706347701&s=1213&z=5,Spaces,0
1214,ICC : Rm 245,,/map?c=0&f=2&lg=43.59375000000001&lt=-6.581668706347701&s=1214&z=5,Spaces,0
1215,ICC : Sagamore Ballroom,,/map?c=0&f=2&lg=14.501953125000002&lt=-36.10947738659377&s=1215&z=5,Spaces,0
1216,"ICC : Serpentine Lobby, 1st Floor",,/map?c=0&f=1&lg=-2.5048828125000004&lt=-35.28867506377222&s=1216&z=5,Spaces,0
1217,ICC : 2nd Floor Serpentine Lobby,,/map?c=0&f=2&lg=-2.5048828125000004&lt=-35.28867506377222&s=1217&z=5,Spaces,0
1219,JW Marriott : Grand Ballroom,,/map?c=0&f=3&lg=153.1494140625&lt=-53.51941038389173&s=1219&z=5,Spaces,0
1220,JW Marriott : Griffin Hall,,/map?c=0&f=2&lg=145.23925781250003&lt=-53.70190980165708&s=1220&z=5,Spaces,0
1221,JW Marriott : Rm 101,,/map?c=0&f=1&lg=145.63476562500003&lt=-56.46734597916852&s=1221&z=5,Spaces,0
1222,JW Marriott : Rm 102,,/map?c=0&f=1&lg=145.63476562500003&lt=-55.10854392519283&s=1222&z=5,Spaces,0
1223,JW Marriott : Rm 103,,/map?c=0&f=1&lg=145.63476562500003&lt=-53.545530032364155&s=1223&z=5,Spaces,0
1224,JW Marriott : Rm 104,,/map?c=0&f=1&lg=145.63476562500003&lt=-52.19279282402099&s=1224&z=5,Spaces,0
1225,JW Marriott : Rm 105,,/map?c=0&f=1&lg=150.51269531250003&lt=-48.72575938360764&s=1225&z=5,Spaces,0
1226,JW Marriott : Rm 106,,/map?c=0&f=1&lg=153.1494140625&lt=-48.72575938360764&s=1226&z=5,Spaces,0
1227,JW Marriott : Rm 107,,/map?c=0&f=1&lg=158.59863281250003&lt=-48.72575938360764&s=1227&z=5,Spaces,0
1228,JW Marriott : Rm 108,,/map?c=0&f=1&lg=161.63085937500003&lt=-48.72575938360764&s=1228&z=5,Spaces,0
1229,JW Marriott : Rm 109,,/map?c=0&f=1&lg=170.46386718750003&lt=-47.58245452249666&s=1229&z=5,Spaces,0
1230,JW Marriott : Rm 201,,/map?c=0&f=2&lg=150.68847656250003&lt=-50.29495435037052&s=1230&z=5,Spaces,0
1231,JW Marriott : Rm 202,,/map?c=0&f=2&lg=152.92968750000003&lt=-50.29495435037052&s=1231&z=5,Spaces,0
1232,JW Marriott : Rm 203,,/map?c=0&f=2&lg=155.78613281250003&lt=-50.29495435037052&s=1232&z=5,Spaces,0
1233,JW Marriott : Rm 204,,/map?c=0&f=2&lg=158.24707031250003&lt=-50.29495435037052&s=1233&z=5,Spaces,0
1234,JW Marriott : Rm 205,,/map?c=0&f=2&lg=161.14746093750003&lt=-50.29495435037052&s=1234&z=5,Spaces,0
1235,JW Marriott : Rm 206,,/map?c=0&f=2&lg=158.55468750000003&lt=-47.58245452249666&s=1235&z=5,Spaces,0
1236,JW Marriott : Rm 207,,/map?c=0&f=2&lg=161.14746093750003&lt=-47.8190564813308&s=1236&z=5,Spaces,0
1237,JW Marriott : Rm 208,,/map?c=0&f=2&lg=170.419921875&lt=-47.8190564813308&s=1237&z=5,Spaces,0
1238,JW Marriott : Rm 209,,/map?c=0&f=2&lg=170.419921875&lt=-49.78693888865801&s=1238&z=5,Spaces,0
1239,JW Marriott : Rm 301,,/map?c=0&f=3&lg=136.88964843750003&lt=-65.35217943432934&s=1239&z=5,Spaces,0
1240,JW Marriott : Rm 302,,/map?c=0&f=3&lg=132.75878906250003&lt=-65.91421044512468&s=1240&z=5,Spaces,0
1241,JW Marriott : Rm 303,,/map?c=0&f=3&lg=133.37402343750003&lt=-65.0016536472258&s=1241&z=5,Spaces,0
1242,JW Marriott : Rm 304,,/map?c=0&f=3&lg=133.85742187500003&lt=-63.94123370563432&s=1242&z=5,Spaces,0
1243,JW Marriott : Rm 305,,/map?c=0&f=3&lg=134.42871093750003&lt=-62.879195306881876&s=1243&z=5,Spaces,0
1244,JW Marriott : Rm 306,,/map?c=0&f=3&lg=134.51660156250003&lt=-61.694040077743786&s=1244&z=5,Spaces,0
1245,JW Marriott : Rm 307,,/map?c=0&f=3&lg=137.81250000000003&lt=-62.81903393316996&s=1245&z=5,Spaces,0
1246,JW Marriott : Rm 308,,/map?c=0&f=3&lg=137.94433593750003&lt=-61.81881490970224&s=1246&z=5,Spaces,0
1247,JW Marriott : Rm 309,,/map?c=0&f=3&lg=135.00000000000003&lt=-59.38246462002441&s=1247&z=5,Spaces,0
1248,JW Marriott : Rm 310,,/map?c=0&f=3&lg=135.00000000000003&lt=-58.05928199312826&s=1248&z=5,Spaces,0
1249,JW Marriott : Rm 311,,/map?c=0&f=3&lg=134.03320312500003&lt=-53.85771064524305&s=1249&z=5,Spaces,0
1250,JW Marriott : Rm 312,,/map?c=0&f=3&lg=137.46093750000003&lt=-53.51941038389173&s=1250&z=5,Spaces,0
1251,JW Marriott : Rm 313,,/map?c=0&f=3&lg=170.419921875&lt=-47.73045657729538&s=1251&z=5,Spaces,0
1252,JW Marriott : Rm 314,,/map?c=0&f=3&lg=170.46386718750003&lt=-49.64486865223222&s=1252&z=5,Spaces,0
1253,JW Marriott : White River Ballroom,,/map?c=0&f=1&lg=157.19238281250003&lt=-53.62379234441356&s=1253&z=5,Spaces,0
1254,Stadium : Exhibit Hall,,/map?c=0&f=0&lg=24.78515625&lt=71.57775450080543&s=1254&z=4,Spaces,0
1255,Stadium : Meeting Room 1,,/map?c=0&f=0&lg=5.976562500000001&lt=72.97118902284588&s=1255&z=5,Spaces,0
1256,Stadium : Meeting Room 10,,/map?c=0&f=0&lg=7.910156250000001&lt=76.43460358351302&s=1256&z=5,Spaces,0
1257,Stadium : Meeting Room 11,,/map?c=0&f=0&lg=6.240234375&lt=76.57815922398312&s=1257&z=5,Spaces,0
1258,Stadium : Meeting Room 12,,/map?c=0&f=0&lg=4.658203125000001&lt=76.7403972505508&s=1258&z=5,Spaces,0
1259,Stadium : Meeting Room 2,,/map?c=0&f=0&lg=8.261718750000002&lt=73.27735320192473&s=1259&z=5,Spaces,0
1260,Stadium : Meeting Room 3,,/map?c=0&f=0&lg=11.689453125000002&lt=74.28356347036141&s=1260&z=5,Spaces,0
1261,Stadium : Meeting Room 4,,/map?c=0&f=0&lg=13.798828125000002&lt=74.56673621013677&s=1261&z=5,Spaces,0
1262,Stadium : Meeting Room 5,,/map?c=0&f=0&lg=5.361328125&lt=74.23587806874866&s=1262&z=5,Spaces,0
1263,Stadium : Meeting Room 6,,/map?c=0&f=0&lg=4.658203125000001&lt=74.77584300649235&s=1263&z=5,Spaces,0
1264,Stadium : Meeting Room 7,,/map?c=0&f=0&lg=3.8671875000000004&lt=75.25305660483548&s=1264&z=5,Spaces,0
1265,Stadium : Meeting Room 8,,/map?c=0&f=0&lg=8.964843750000002&lt=75.14077784070429&s=1265&z=5,Spaces,0
1266,Stadium : Meeting Room 9,,/map?c=0&f=0&lg=10.283203125000002&lt=75.34228194427303&s=1266&z=5,Spaces,0
1267,Stadium : Pedestrian Connector,,/map?c=0&f=0&lg=-0.6591796875000001&lt=67.87223097701624&s=1267&z=4,Spaces,0
1268,Marriott : Atlanta,,/map?c=0&f=2&lg=63.21533203125001&lt=-66.30573766226424&s=1268&z=5,Spaces,0
1269,Marriott : Austin,,/map?c=0&f=2&lg=65.39062500000001&lt=-66.27746627602434&s=1269&z=5,Spaces,0
1270,Marriott : Boston,,/map?c=0&f=2&lg=67.43408203125001&lt=-66.28630449679673&s=1270&z=5,Spaces,0
1271,Marriott : Colorado,,/map?c=0&f=1&lg=61.65527343750001&lt=-65.33384611321385&s=1271&z=5,Spaces,0
1272,Marriott : Columbus,,/map?c=0&f=2&lg=69.91699218750001&lt=-66.39388122588576&s=1272&z=5,Spaces,0
1273,Marriott : Denver,,/map?c=0&f=2&lg=73.91601562500001&lt=-53.597721008100095&s=1273&z=5,Spaces,0
1274,Marriott : Florida,,/map?c=0&f=1&lg=73.95996093750001&lt=-65.42538503047957&s=1274&z=5,Spaces,0
1275,Marriott : Illinios,,/map?c=0&f=1&lg=73.69628906250001&lt=-64.34371353406164&s=1275&z=5,Spaces,0
1276,Marriott : Indiana Ballroom,,/map?c=0&f=1&lg=67.19238281250001&lt=-63.82516487801255&s=1276&z=5,Spaces,0
1277,Marriott : Lincoln,,/map?c=0&f=2&lg=57.52441406250001&lt=-52.219723422113184&s=1277&z=5,Spaces,0
1278,Marriott : Marriott Ballroom,,/map?c=0&f=2&lg=66.48925781250001&lt=-61.8602942007454&s=1278&z=5,Spaces,0
1279,Marriott : Michigan,,/map?c=0&f=1&lg=73.78417968750001&lt=-63.39545801952229&s=1279&z=5,Spaces,0
1280,Marriott : Phoenix,,/map?c=0&f=2&lg=56.82128906250001&lt=-50.96396248442767&s=1280&z=5,Spaces,0
1281,Marriott : Santa Fe,,/map?c=0&f=2&lg=57.78808593750001&lt=-49.07242648355926&s=1281&z=5,Spaces,0
1282,Marriott : Texas,,/map?c=0&f=1&lg=73.87207031250001&lt=-62.29245192667014&s=1282&z=5,Spaces,0
1283,Marriott : Utah,,/map?c=0&f=1&lg=73.82812500000001&lt=-60.00338049464754&s=1283&z=5,Spaces,0
1284,Omni : Cardinal,,/map?c=0&f=1&lg=-59.50195312500001&lt=2.016673315294252&s=1284&z=5,Spaces,0
1285,Omni : Peony,,/map?c=0&f=1&lg=-58.93066406250001&lt=0.23730400904573826&s=1285&z=5,Spaces,0
1286,Omni : Poplar,,/map?c=0&f=1&lg=-58.99658203125001&lt=-2.135247763962292&s=1286&z=5,Spaces,0
1287,Omni : Sycamore,,/map?c=0&f=1&lg=-61.12792968750001&lt=-2.5743287203576286&s=1287&z=5,Spaces,0
1288,Omni : Fisher Ballroom,,/map?c=0&f=2&lg=-71.89453125000001&lt=8.272378317839339&s=1288&z=5,Spaces,0
1289,Omni : Gates Hall,,/map?c=0&f=2&lg=-59.06250000000001&lt=10.029439523194663&s=1289&z=5,Spaces,0
1290,Omni : Illinois Ballroom,,/map?c=0&f=2&lg=-60.42480468750001&lt=12.357173281576667&s=1290&z=5,Spaces,0
1291,Omni : Jennings Ballroom,,/map?c=0&f=0&lg=-66.09375000000001&lt=9.379696360439675&s=1291&z=5,Spaces,0
1292,Omni : McClellan Hall,,/map?c=0&f=2&lg=-59.63378906250001&lt=7.096531822706346&s=1292&z=5,Spaces,0
1293,Omni : Meridian Ballroom,,/map?c=0&f=2&lg=-70.70800781250001&lt=12.163929843626834&s=1293&z=5,Spaces,0
1294,Omni : Purdue,,/map?c=0&f=2&lg=-58.95263671875001&lt=-2.5304270058162084&s=1294&z=5,Spaces,0
1295,Omni : Ralston,,/map?c=0&f=0&lg=-59.61181640625001&lt=5.327268619407221&s=1295&z=5,Spaces,0
1296,Omni : Butler,,/map?c=0&f=2&lg=-58.20556640625001&lt=4.604897752112769&s=1296&z=5,Spaces,0
1297,Omni : Indiana,,/map?c=0&f=2&lg=-58.20556640625001&lt=1.9288347908259804&s=1297&z=5,Spaces,0
1298,Omni : Notre Dame,,/map?c=0&f=2&lg=-58.00781250000001&lt=-0.5756739077585412&s=1298&z=5,Spaces,0
1300,Omni : Severin Ballroom,,/map?c=0&f=1&lg=-70.15869140625001&lt=-1.5862231158850792&s=1300&z=5,Spaces,0
1301,Union Station : B & O,,/map?c=0&f=1&lg=-60.82031250000001&lt=47.18373931852781&s=1301&z=5,Spaces,0
1302,Union Station : Edison North,,/map?c=0&f=3&lg=-70.11474609375001&lt=26.74168593907293&s=1302&z=5,Spaces,0
1303,Union Station : Edison South,,/map?c=0&f=3&lg=-70.20263671875001&lt=32.82051813490545&s=1303&z=5,Spaces,0
1305,Union Station : Grand Hall,,/map?c=0&f=1&lg=-66.09375000000001&lt=29.833019864487465&s=1305&z=5,Spaces,0
1306,Union Station : Milwaukee,,/map?c=0&f=1&lg=-60.64453125000001&lt=43.51031460019373&s=1306&z=5,Spaces,0
1309,Westin : Cabinet,,/map?c=0&f=1&lg=38.05664062500001&lt=-49.61070993807423&s=1309&z=5,Spaces,0
1310,Westin : Cameral,,/map?c=0&f=1&lg=31.552734375000004&lt=-50.01338727373544&s=1310&z=5,Spaces,0
1311,Westin : Capitol Ballroom,,/map?c=0&f=1&lg=45.21972656250001&lt=-53.88362123776393&s=1311&z=5,Spaces,0
1312,Westin : Caucus,,/map?c=0&f=1&lg=40.73730468750001&lt=-49.815303070647246&s=1312&z=5,Spaces,0
1313,Westin : Chamber,,/map?c=0&f=1&lg=43.24218750000001&lt=-49.815303070647246&s=1313&z=5,Spaces,0
1314,Westin : Congress,,/map?c=0&f=1&lg=31.157226562500004&lt=-52.32728264945754&s=1314&z=5,Spaces,0
1315,Westin : Council,,/map?c=0&f=1&lg=45.6591796875&lt=-49.815303070647246&s=1315&z=5,Spaces,0
1316,Westin : Grand Ballroom,,/map?c=0&f=2&lg=44.91210937500001&lt=-53.93539428044958&s=1316&z=5,Spaces,0
1317,Westin : House,,/map?c=0&f=2&lg=31.816406250000004&lt=-49.900295935990606&s=1317&z=5,Spaces,0
1318,Westin : Senate,,/map?c=0&f=2&lg=31.157226562500004&lt=-53.04649705640615&s=1318&z=5,Spaces,0
1418,Union Station : Lincoln,,/map?c=0&f=2&lg=-61.78710937500001&lt=27.449790329784214&s=1418&z=5,Spaces,0
1419,Union Station : L & N,,/map?c=0&f=1&lg=-69.08203125000001&lt=50.233151832472245&s=1419&z=5,Spaces,0
1420,Union Station : Nickel Plate,,/map?c=0&f=1&lg=-60.90820312500001&lt=48.516604348867475&s=1420&z=5,Spaces,0
1421,Union Station : Southern,,/map?c=0&f=1&lg=-69.34570312500001&lt=46.437856895024225&s=1421&z=5,Spaces,0
1422,Union Station : Erie,,/map?c=0&f=1&lg=-69.34570312500001&lt=44.902577996288876&s=1422&z=5,Spaces,0
1423,Union Station : Wabash,,/map?c=0&f=1&lg=-69.43359375000001&lt=43.068887774169625&s=1423&z=5,Spaces,0
1424,Union Station : Illinois Central,,/map?c=0&f=1&lg=-71.63085937500001&lt=42.81152174509788&s=1424&z=5,Spaces,0
1425,Union Station : C & O,,/map?c=0&f=1&lg=-60.55664062500001&lt=42.42345651793833&s=1425&z=5,Spaces,0
1426,Union Station : New York Central,,/map?c=0&f=1&lg=-60.55664062500001&lt=41.178653972331695&s=1426&z=5,Spaces,0
1427,Union Station : Monon,,/map?c=0&f=1&lg=-62.22656250000001&lt=38.47939467327645&s=1427&z=5,Spaces,0
2656,Crowne Plaza : Illinois Street Ballroom East,,/map?c=0&f=2&lg=-57.83203125000001&lt=36.527294814546245&s=2656&z=5,Spaces,0
2657,Crowne Plaza : Illinois Street Ballroom West,,/map?c=0&f=2&lg=-52.646484375&lt=36.527294814546245&s=2657&z=5,Spaces,0
2658,Crowne Plaza : Grand Central A,,/map?c=0&f=1&lg=-25.839843750000004&lt=47.39834920035926&s=2658&z=5,Spaces,0
2659,Crowne Plaza : Grand Central B,,/map?c=0&f=1&lg=-25.839843750000004&lt=48.69096039092552&s=2659&z=5,Spaces,0
2660,Crowne Plaza : Grand Central C,,/map?c=0&f=1&lg=-25.839843750000004&lt=49.89463439573421&s=2660&z=5,Spaces,0
2661,Crowne Plaza : Grand Central D,,/map?c=0&f=1&lg=-25.839843750000004&lt=51.12421275782688&s=2661&z=5,Spaces,0
2662,Crowne Plaza : Haymarket Station A,,/map?c=0&f=1&lg=-48.69140625&lt=48.80686346108519&s=2662&z=5,Spaces,0
2663,Crowne Plaza : Haymarket Station B,,/map?c=0&f=1&lg=-48.69140625&lt=50.17689812200107&s=2663&z=5,Spaces,0
2664,Crowne Plaza : Victoria Station A,,/map?c=0&f=1&lg=-20.830078125000004&lt=47.45780853075031&s=2664&z=5,Spaces,0
2665,Crowne Plaza : Victoria Station B,,/map?c=0&f=1&lg=-20.830078125000004&lt=48.748945343432936&s=2665&z=5,Spaces,0
2666,Crowne Plaza : Victoria Station C,,/map?c=0&f=1&lg=-20.830078125000004&lt=49.95121990866204&s=2666&z=5,Spaces,0
2667,Crowne Plaza : Victoria Station D,,/map?c=0&f=1&lg=-20.830078125000004&lt=51.12421275782688&s=2667&z=5,Spaces,0
2668,Crowne Plaza : Pennsylvania Station A,,/map?c=0&f=1&lg=-16.259765625000004&lt=48.980216985374994&s=2668&z=5,Spaces,0
2669,Crowne Plaza : Pennsylvania Station B,,/map?c=0&f=1&lg=-16.259765625000004&lt=50.17689812200107&s=2669&z=5,Spaces,0
2670,Crowne Plaza : Pennsylvania Station C,,/map?c=0&f=1&lg=-16.259765625000004&lt=51.39920565355378&s=2670&z=5,Spaces,0
2671,Westin : Capitol Ballroom I,,/map?c=0&f=1&lg=41.22070312500001&lt=-54.265224078605655&s=2671&z=5,Spaces,0
2672,Westin : Capitol Ballroom II,,/map?c=0&f=1&lg=45.17578125000001&lt=-54.265224078605655&s=2672&z=5,Spaces,0
2673,Westin : Capitol Ballroom III,,/map?c=0&f=1&lg=49.21875000000001&lt=-54.265224078605655&s=2673&z=5,Spaces,0
2674,Westin : Congress I,,/map?c=0&f=1&lg=31.376953125000004&lt=-52.908902047770255&s=2674&z=5,Spaces,0
2675,Westin : Congress II,,/map?c=0&f=1&lg=31.376953125000004&lt=-51.508742458803326&s=2675&z=5,Spaces,0
2676,Marriott : Indiana Ballroom A,,/map?c=0&f=1&lg=64.42382812500001&lt=-65.4034447883078&s=2676&z=5,Spaces,0
2677,Marriott : Indiana Ballroom B,,/map?c=0&f=1&lg=66.18164062500001&lt=-65.4034447883078&s=2677&z=5,Spaces,0
2678,Marriott : Indiana Ballroom C,,/map?c=0&f=1&lg=67.76367187500001&lt=-65.4034447883078&s=2678&z=5,Spaces,0
2679,Marriott : Indiana Ballroom D,,/map?c=0&f=1&lg=69.60937500000001&lt=-65.4034447883078&s=2679&z=5,Spaces,0
2681,Marriott : Indiana Ballroom E,,/map?c=0&f=1&lg=66.88476562500001&lt=-63.50937540117512&s=2681&z=5,Spaces,0
2682,Marriott : Indiana Ballroom F,,/map?c=0&f=1&lg=68.64257812500001&lt=-62.59334083012024&s=2682&z=5,Spaces,0
2683,Marriott : Indiana Ballroom G,,/map?c=0&f=1&lg=65.39062500000001&lt=-62.59334083012024&s=2683&z=5,Spaces,0
2684,JW Marriott : White River Ballroom A,,/map?c=0&f=1&lg=150.90820312500003&lt=-56.51101750495214&s=2684&z=5,Spaces,0
2685,JW Marriott : White River Ballroom B,,/map?c=0&f=1&lg=150.90820312500003&lt=-55.07836723201514&s=2685&z=5,Spaces,0
2686,JW Marriott : White River Ballroom C,,/map?c=0&f=1&lg=150.90820312500003&lt=-53.5403073915002&s=2686&z=5,Spaces,0
2687,JW Marriott : White River Ballroom D,,/map?c=0&f=1&lg=150.90820312500003&lt=-52.16045455774705&s=2687&z=5,Spaces,0
2688,JW Marriott : White River Ballroom E,,/map?c=0&f=1&lg=154.33593750000003&lt=-54.97761367069625&s=2688&z=5,Spaces,0
2689,JW Marriott : White River Ballroom F,,/map?c=0&f=1&lg=159.46435546875&lt=-55.20395325785898&s=2689&z=5,Spaces,0
2690,JW Marriott : White River Ballroom G,,/map?c=0&f=1&lg=163.037109375&lt=-52.16045455774705&s=2690&z=5,Spaces,0
2691,JW Marriott : White River Ballroom H,,/map?c=0&f=1&lg=163.037109375&lt=-53.5403073915002&s=2691&z=5,Spaces,0
2692,JW Marriott : White River Ballroom J,,/map?c=0&f=1&lg=163.037109375&lt=-56.559482483762245&s=2692&z=5,Spaces,0
2693,Hyatt : Regency Ballroom A,,/map?c=0&f=2&lg=-19.863281250000004&lt=-58.53959476664049&s=2693&z=5,Spaces,0
2694,Hyatt : Regency Ballroom B,,/map?c=0&f=2&lg=-23.510742187500004&lt=-58.0360255306321&s=2694&z=5,Spaces,0
2695,Hyatt : Regency Ballroom C,,/map?c=0&f=2&lg=-25.664062500000004&lt=-57.938183012205315&s=2695&z=5,Spaces,0
2696,Hyatt : Regency Ballroom D,,/map?c=0&f=2&lg=-22.851562500000004&lt=-56.752722872057355&s=2696&z=5,Spaces,0
2697,Hyatt : Regency Ballroom E,,/map?c=0&f=2&lg=-29.091796875&lt=-56.07203547180087&s=2697&z=5,Spaces,0
2698,Hyatt : Regency Ballroom F,,/map?c=0&f=2&lg=-27.773437500000004&lt=-55.57834467218206&s=2698&z=5,Spaces,0
2699,Westin : Senate I,,/map?c=0&f=2&lg=31.376953125000004&lt=-54.265224078605655&s=2699&z=5,Spaces,0
2700,Westin : Senate II,,/map?c=0&f=2&lg=31.376953125000004&lt=-52.85586417785399&s=2700&z=5,Spaces,0
2701,Westin : Senate III,,/map?c=0&f=2&lg=31.376953125000004&lt=-51.344338660599234&s=2701&z=5,Spaces,0
2702,Westin : Grand Ballroom I,,/map?c=0&f=2&lg=39.55078125&lt=-55.32914440840507&s=2702&z=5,Spaces,0
2703,Westin : Grand Ballroom II,,/map?c=0&f=2&lg=39.55078125&lt=-53.748710796898976&s=2703&z=5,Spaces,0
2704,Westin : Grand Ballroom III,,/map?c=0&f=2&lg=39.55078125&lt=-51.781435604431195&s=2704&z=5,Spaces,0
2705,Westin : Grand Ballroom IV,,/map?c=0&f=2&lg=44.12109375&lt=-55.47885346331034&s=2705&z=5,Spaces,0
2706,Westin : Grand Ballroom V,,/map?c=0&f=2&lg=48.86718750000001&lt=-55.47885346331034&s=2706&z=5,Spaces,0
2707,Marriott : Marriott Ballroom 1,,/map?c=0&f=2&lg=63.10546875000001&lt=-64.16810689799152&s=2707&z=5,Spaces,0
2708,Marriott : Marriott Ballroom 2,,/map?c=0&f=2&lg=65.21484375000001&lt=-64.16810689799152&s=2708&z=5,Spaces,0
2709,Marriott : Marriott Ballroom 3,,/map?c=0&f=2&lg=67.41210937500001&lt=-64.16810689799152&s=2709&z=5,Spaces,0
2710,Marriott : Marriott Ballroom 4,,/map?c=0&f=2&lg=69.60937500000001&lt=-64.16810689799152&s=2710&z=5,Spaces,0
2711,Marriott : Marriott Ballroom 5,,/map?c=0&f=2&lg=66.26953125000001&lt=-62.308793691028036&s=2711&z=5,Spaces,0
2712,Marriott : Marriott Ballroom 6,,/map?c=0&f=2&lg=66.26953125000001&lt=-62.308793691028036&s=2712&z=5,Spaces,0
2713,Marriott : Marriott Ballroom 7,,/map?c=0&f=2&lg=69.69726562500001&lt=-57.56299545938714&s=2713&z=5,Spaces,0
2714,Marriott : Marriott Ballroom 8,,/map?c=0&f=2&lg=67.58789062500001&lt=-57.56299545938714&s=2714&z=5,Spaces,0
2715,Marriott : Marriott Ballroom 9,,/map?c=0&f=2&lg=65.30273437500001&lt=-57.56299545938714&s=2715&z=5,Spaces,0
2716,Marriott : Marriott Ballroom 10,,/map?c=0&f=2&lg=63.10546875000001&lt=-57.56299545938714&s=2716&z=5,Spaces,0
2717,JW Marriott : Grand Ballroom 1,,/map?c=0&f=3&lg=143.63525390625003&lt=-56.41390137600676&s=2717&z=5,Spaces,0
2718,JW Marriott : Grand Ballroom 2,,/map?c=0&f=3&lg=144.40429687500003&lt=-54.57206165565852&s=2718&z=5,Spaces,0
2719,JW Marriott : Grand Ballroom 3,,/map?c=0&f=3&lg=144.40429687500003&lt=-52.589700768717805&s=2719&z=5,Spaces,0
2720,JW Marriott : Grand Ballroom 4,,/map?c=0&f=3&lg=144.40429687500003&lt=-50.401515322782366&s=2720&z=5,Spaces,0
2721,JW Marriott : Grand Ballroom 5,,/map?c=0&f=3&lg=149.67773437500003&lt=-54.265224078605655&s=2721&z=5,Spaces,0
2722,JW Marriott : Grand Ballroom 6,,/map?c=0&f=3&lg=153.1494140625&lt=-53.51941038389173&s=2722&z=5,Spaces,0
2723,JW Marriott : Grand Ballroom 7,,/map?c=0&f=3&lg=161.45507812500003&lt=-50.45750402042058&s=2723&z=5,Spaces,0
2724,JW Marriott : Grand Ballroom 8,,/map?c=0&f=3&lg=161.45507812500003&lt=-52.589700768717805&s=2724&z=5,Spaces,0
2725,JW Marriott : Grand Ballroom 9,,/map?c=0&f=3&lg=161.45507812500003&lt=-54.52108149544361&s=2725&z=5,Spaces,0
2726,JW Marriott : Grand Ballroom 10,,/map?c=0&f=3&lg=161.45507812500003&lt=-56.41390137600676&s=2726&z=5,Spaces,0
2727,Embassy Suites : Ambassador I,,/map?c=0&f=3&lg=-36.73828125000001&lt=-73.04823634299835&s=2727&z=5,Spaces,0
2728,Embassy Suites : Ambassador II,,/map?c=0&f=3&lg=-38.49609375000001&lt=-72.52812972966163&s=2728&z=5,Spaces,0
2729,Embassy Suites : Ambassador III,,/map?c=0&f=3&lg=-40.51757812500001&lt=-71.93815765811695&s=2729&z=5,Spaces,0
2730,Embassy Suites : Chancellor I,,/map?c=0&f=3&lg=-42.01171875000001&lt=-74.72961516378618&s=2730&z=5,Spaces,0
2731,Embassy Suites : Chancellor II,,/map?c=0&f=3&lg=-43.68164062500001&lt=-74.2597383709313&s=2731&z=5,Spaces,0
2732,Embassy Suites : Chancellor III,,/map?c=0&f=3&lg=-45.3515625&lt=-73.75120539084017&s=2732&z=5,Spaces,0
2733,Embassy Suites : Coronation I,,/map?c=0&f=3&lg=-43.76953125&lt=-71.91088787611527&s=2733&z=5,Spaces,0
2734,Embassy Suites : Coronation II,,/map?c=0&f=3&lg=-46.75781250000001&lt=-72.76406472320436&s=2734&z=5,Spaces,0
2735,Hyatt : Studio 1,,/map?c=0&f=3&lg=-32.16796875000001&lt=-62.34960927573042&s=2735&z=5,Spaces,0
2736,Hyatt : Studio 2,,/map?c=0&f=3&lg=-29.794921875000004&lt=-63.50937540117512&s=2736&z=5,Spaces,0
2737,Hyatt : Studio 3,,/map?c=0&f=3&lg=-28.740234375000004&lt=-63.93737246791483&s=2737&z=5,Spaces,0
2738,Hyatt : Studio 4,,/map?c=0&f=3&lg=-27.949218750000004&lt=-64.20637724320851&s=2738&z=5,Spaces,0
2739,Hyatt : Studio 5,,/map?c=0&f=3&lg=-25.576171875&lt=-65.03506043658814&s=2739&z=5,Spaces,0
2740,Hyatt : Cosmopolitan Ballroom A,,/map?c=0&f=3&lg=-21.796875000000004&lt=-58.95000823335703&s=2740&z=5,Spaces,0
2741,Hyatt : Cosmopolitan Ballroom B,,/map?c=0&f=3&lg=-24.433593750000004&lt=-57.421294392094055&s=2741&z=5,Spaces,0
2742,Hyatt : Cosmopolitan Ballroom C,,/map?c=0&f=3&lg=-26.894531250000004&lt=-56.07203547180087&s=2742&z=5,Spaces,0
2743,Hyatt : Cosmopolitan Ballroom D,,/map?c=0&f=3&lg=-24.697265625000004&lt=-54.77534585936448&s=2743&z=5,Spaces,0
2756,JW Marriott : White River Ballroom I,,/map?c=0&f=1&lg=163.037109375&lt=-55.02802211299251&s=2756&z=5,Spaces,0
2757,Hyatt : Discovery A,,/map?c=0&f=3&lg=-29.707031250000004&lt=-53.06762664238737&s=2757&z=5,Spaces,0
2758,Hyatt : Discovery B,,/map?c=0&f=3&lg=-26.894531250000004&lt=-53.06762664238737&s=2758&z=5,Spaces,0
2759,Hyatt : Studio 6,,/map?c=0&f=3&lg=-23.818359375000004&lt=-65.7306264931103&s=2759&z=5,Spaces,0
10572,Stadium : West Club Lounge,,/map?c=0&f=1&lg=57.364453125&lt=75.54052003113728&s=10572&z=5,Spaces,0
10574,Stadium : North Plaza,,/map?c=0&f=1&lg=22.98181640625&lt=70.58046630559893&s=10574&z=5,Spaces,0
10575,Stadium : East Club Lounge,,/map?c=0&f=1&lg=13.7042578125&lt=79.34890590370988&s=10575&z=5,Spaces,0
11581,Stadium : East Club Lounge : Upper Level,,/map?c=0&f=3&lg=13.029785156250002&lt=79.99029622127199&s=11581&z=5,Spaces,0
11582,Stadium : West Club Lounge : Upper Level,,/map?c=0&f=3&lg=59.58984375000001&lt=75.14305412007029&s=11582&z=5,Spaces,0
11583,Stadium : Terrace Level : Bud Light Zone,,/map?c=0&f=4&lg=20.85117187499998&lt=69.25614923150721&s=11583&z=5,Spaces,0
11584,Stadium: Upper Suite Level : Quarterback Suite,,/map?c=0&f=4&lg=50.04667968750002&lt=82.48689832246284&s=11584&z=5,Spaces,0
11613,Marriott : Kentucky,,/map?c=0&f=1&lg=66.24316406249999&lt=-59.587750589821745&s=11613&z=5,Spaces,0
11614,Marriott : California,,/map?c=0&f=1&lg=60.82031250000001&lt=-60.02095215374802&s=11614&z=5,Spaces,0
11615,Marriott : Arizona,,/map?c=0&f=1&lg=61.34765625000001&lt=-61.85614879566797&s=11615&z=5,Spaces,0
11616,Marriott : Tennessee,,/map?c=0&f=1&lg=69.51269531250001&lt=-59.40931185662204&s=11616&z=5,Spaces,0
11618,ICC : Wabash Ballroom 1,,/map?c=0&f=1&lg=45.39550781250001&lt=-39.73422774152762&s=11618&z=5,Spaces,0
11619,ICC : Wabash Ballroom 2,,/map?c=0&f=1&lg=50.00976562500001&lt=-39.73422774152762&s=11619&z=5,Spaces,0
11620,ICC : Wabash Ballroom 3,,/map?c=0&f=1&lg=54.4921875&lt=-39.73422774152762&s=11620&z=5,Spaces,0
11621,ICC : Georgia Street Entrance,,/map?c=0&f=1&lg=-0.848144531250008&lt=-7.18810087117902&s=11621&z=5,Spaces,0
11622,ICC : Sagamore Ballroom 1,,/map?c=0&f=2&lg=4.042968750000001&lt=-34.52466147177172&s=11622&z=5,Spaces,0
11623,ICC : Sagamore Ballroom 2,,/map?c=0&f=2&lg=4.042968750000001&lt=-38.06539235133248&s=11623&z=5,Spaces,0
11624,ICC : Sagamore Ballroom 6,,/map?c=0&f=2&lg=25.048828125000004&lt=-38.06539235133248&s=11624&z=5,Spaces,0
11625,ICC : Sagamore Ballroom 7,,/map?c=0&f=2&lg=25.048828125000004&lt=-34.52466147177172&s=11625&z=5,Spaces,0
11626,ICC : Sagamore Ballroom 3,,/map?c=0&f=2&lg=9.228515625000002&lt=-36.24427318493909&s=11626&z=5,Spaces,0
11627,ICC : Sagamore Ballroom 4,,/map?c=0&f=2&lg=14.765625000000002&lt=-36.24427318493909&s=11627&z=5,Spaces,0
11628,ICC : Sagamore Ballroom 5,,/map?c=0&f=2&lg=20.126953125000004&lt=-36.24427318493909&s=11628&z=5,Spaces,0
11630,ICC : 1st Floor Serpentine Lobby,,/map?c=0&f=1&lg=-2.6367187500000004&lt=-36.527294814546245&s=11630&z=5,Spaces,0
11633,ICC : Hoosier Concourse,,/map?c=0&f=1&lg=30.585937500000004&lt=-1.9332268264771106&s=11633&z=5,Spaces,0
11634,ICC : Exhibit Hall,,/map?c=0&f=1&lg=23.642578125000004&lt=3.6888551431470478&s=11634&z=4,Spaces,0
11635,ICC : In Front Of Hall A,,/map?c=0&f=1&lg=100.89843750000001&lt=-36.597889133070204&s=11635&z=5,Spaces,0
11636,Hyatt : Concept A,,/map?c=0&f=2&lg=-26.806640625000004&lt=-65.18303007291381&s=11636&z=5,Spaces,0
11637,Hyatt : Concept B,,/map?c=0&f=2&lg=-26.015625&lt=-65.54936668811528&s=11637&z=5,Spaces,0
11638,Hyatt : Concept C,,/map?c=0&f=2&lg=-25.136718750000004&lt=-65.87472467098549&s=11638&z=5,Spaces,0
11639,Hyatt : Concept D,,/map?c=0&f=2&lg=-24.082031250000004&lt=-66.37275500247456&s=11639&z=5,Spaces,0
11640,Hyatt : Directors One,,/map?c=0&f=2&lg=-21.181640625000004&lt=-62.10388252289787&s=11640&z=5,Spaces,0
11641,Hyatt : Directors Two,,/map?c=0&f=2&lg=-20.126953125000004&lt=-61.43876749368282&s=11641&z=5,Spaces,0
11642,Hyatt : Studio Lounge,,/map?c=0&f=3&lg=-33.66210937500001&lt=-60.413852350464914&s=11642&z=5,Spaces,0
11643,Marriott : Illinois,,/map?c=0&f=1&lg=73.56445312500001&lt=-64.24459476798192&s=11643&z=5,Spaces,0
11644,Marriott : Rye Bar,,/map?c=0&f=1&lg=69.69726562500001&lt=-57.89149735271031&s=11644&z=5,Spaces,0
11645,Stadium : Field,,/map?c=0&f=0&lg=34.80468750000001&lt=77.89725517594935&s=11645&z=5,Spaces,0
11646,Union Station : Iron Horse,,/map?c=0&f=0&lg=-66.26953125000001&lt=31.353636941500987&s=11646&z=5,Spaces,0
11647,Union Station : Grand Hall Bar,,/map?c=0&f=1&lg=-61.96289062500001&lt=32.99023555965106&s=11647&z=5,Spaces,0
11648,Union Station : Grand Hall Southeast,,/map?c=0&f=1&lg=-70.04882812500001&lt=32.694865977875075&s=11648&z=5,Spaces,0
11649,Union Station : Grand Hall Northeast,,/map?c=0&f=1&lg=-70.04882812500001&lt=27.059125784374068&s=11649&z=5,Spaces,0
11650,Stadium : Lower Suite Level : LS8A,,/map?c=0&f=2&lg=8.149042968749988&lt=75.75645348586762&s=11650&z=5,Spaces,0
11651,Stadium : Lower Suite Level : LS8B,,/map?c=0&f=2&lg=8.651601562500014&lt=76.14199013994983&s=11651&z=5,Spaces,0
11652,Stadium : Lower Suite Level : LS8C,,/map?c=0&f=2&lg=9.222275390625008&lt=76.48649744546744&s=11652&z=5,Spaces,0
11653,Stadium : Lower Suite Level : LS9A,,/map?c=0&f=2&lg=9.868095703125006&lt=76.80547410849096&s=11653&z=5,Spaces,0
11654,Stadium : Lower Suite Level : LS9B,,/map?c=0&f=2&lg=10.26087890625001&lt=77.17853705472493&s=11654&z=5,Spaces,0
11655,Stadium : Lower Suite Level : LS9C,,/map?c=0&f=2&lg=10.816523437500019&lt=77.49120017526707&s=11655&z=5,Spaces,0
11656,Stadium : Lower Suite Level : LS10A,,/map?c=0&f=2&lg=11.357138671875004&lt=77.8153861216386&s=11656&z=5,Spaces,0
11657,Stadium : Lower Suite Level : LS10B,,/map?c=0&f=2&lg=11.912871093749995&lt=78.12203538372424&s=11657&z=5,Spaces,0
11658,Stadium : Lower Suite Level : LS11A,,/map?c=0&f=2&lg=12.453486328125019&lt=78.42407398870122&s=11658&z=5,Spaces,0
11659,Stadium : Lower Suite Level : LS11B,,/map?c=0&f=2&lg=13.054746093750012&lt=78.70678488492157&s=11659&z=5,Spaces,0
11660,Stadium : Lower Suite Level : LS11C,,/map?c=0&f=2&lg=13.522675781250019&lt=78.96689584611704&s=11660&z=5,Spaces,0
11661,Stadium : Lower Suite Level : LS12,,/map?c=0&f=2&lg=14.423818359374991&lt=79.22810481934327&s=11661&z=5,Spaces,0
11662,Stadium : Lower Suite Level : LS13A,,/map?c=0&f=2&lg=15.324873046874988&lt=79.60307689530642&s=11662&z=5,Spaces,0
11663,Stadium : Lower Suite Level : LS13B,,/map?c=0&f=2&lg=16.421220703125&lt=79.91793251199071&s=11663&z=5,Spaces,0
11664,Stadium : Lower Suite Level : LS14 ,,/map?c=0&f=2&lg=17.52029296875001&lt=80.33860445007622&s=11664&z=5,Spaces,0
11665,Stadium : Lower Suite Level : LS15A,,/map?c=0&f=2&lg=18.421347656250006&lt=80.67772312051264&s=11665&z=5,Spaces,0
11666,Stadium : Lower Suite Level : LS15B,,/map?c=0&f=2&lg=19.24734375000002&lt=80.86789050599059&s=11666&z=5,Spaces,0
11667,Stadium : Lower Suite Level : LS15C,,/map?c=0&f=2&lg=20.075009765625012&lt=81.05507184243265&s=11667&z=5,Spaces,0
11668,Stadium : Lower Suite Level : LS16A,,/map?c=0&f=2&lg=20.735859374999993&lt=81.27865237500765&s=11668&z=5,Spaces,0
11669,Stadium : Lower Suite Level : LS16B,,/map?c=0&f=2&lg=21.531796874999994&lt=81.46779970785498&s=11669&z=5,Spaces,0
11670,Stadium : Lower Suite Level : LS17A,,/map?c=0&f=2&lg=22.46299804687502&lt=81.68115205991138&s=11670&z=5,Spaces,0
11671,Stadium : Lower Suite Level : LS17B,,/map?c=0&f=2&lg=23.380927734375014&lt=81.85817128286425&s=11671&z=5,Spaces,0
11672,Stadium : Lower Suite Level : LS17C,,/map?c=0&f=2&lg=24.327070312500002&lt=82.03690519744106&s=11672&z=5,Spaces,0
11673,Stadium : Lower Suite Level : LS18A,,/map?c=0&f=2&lg=25.107978515624986&lt=82.22190497772648&s=11673&z=5,Spaces,0
11674,Stadium : Lower Suite Level : LS18B,,/map?c=0&f=2&lg=26.054208984374995&lt=82.39866916450991&s=11674&z=5,Spaces,0
11675,Stadium : Lower Suite Level : LS18C,,/map?c=0&f=2&lg=27.01757812500001&lt=82.55876976622508&s=11675&z=5,Spaces,0
11676,Stadium : Lower Suite Level : LS20A,,/map?c=0&f=2&lg=29.045039062499992&lt=82.75826330103568&s=11676&z=5,Spaces,0
11677,Stadium : Lower Suite Level : LS20B,,/map?c=0&f=2&lg=30.41173828125001&lt=82.8204382707857&s=11677&z=5,Spaces,0
11678,Stadium : Lower Suite Level : LS21A,,/map?c=0&f=2&lg=31.973642578125023&lt=82.75826330103568&s=11678&z=5,Spaces,0
11679,Stadium : Lower Suite Level : LS21B,,/map?c=0&f=2&lg=32.72458007812501&lt=82.79224101689182&s=11679&z=5,Spaces,0
11680,Stadium : Lower Suite Level : LS21C,,/map?c=0&f=2&lg=33.520517578125016&lt=82.83356379609627&s=11680&z=5,Spaces,0
11681,Stadium : Lower Suite Level : LS22A,,/map?c=0&f=2&lg=34.63189453125001&lt=82.93213414290186&s=11681&z=5,Spaces,0
11682,Stadium : Lower Suite Level : LS22B,,/map?c=0&f=2&lg=36.02856445312502&lt=82.9910009020412&s=11682&z=5,Spaces,0
11683,Stadium : Lower Suite Level : LS23A,,/map?c=0&f=2&lg=38.574667968749985&lt=82.95415070835553&s=11683&z=5,Spaces,0
11684,Stadium : Lower Suite Level : LS23B,,/map?c=0&f=2&lg=39.89627929687501&lt=82.87452007233377&s=11684&z=5,Spaces,0
11685,Stadium : Lower Suite Level : LS24A,,/map?c=0&f=2&lg=41.27800781250001&lt=82.78458394149948&s=11685&z=5,Spaces,0
11686,Stadium : Lower Suite Level : LS24B,,/map?c=0&f=2&lg=42.719765625000015&lt=82.69732933060311&s=11686&z=5,Spaces,0
11687,Stadium : Lower Suite Level : LS25A,,/map?c=0&f=2&lg=44.14649414062503&lt=82.59356503441961&s=11687&z=5,Spaces,0
11688,Stadium : Lower Suite Level : LS25B,,/map?c=0&f=2&lg=45.60328125000001&lt=82.50009104767902&s=11688&z=5,Spaces,0
11689,Stadium : Lower Suite Level : LS25C,,/map?c=0&f=2&lg=46.93992187500002&lt=82.43914841886168&s=11689&z=5,Spaces,0
11690,Stadium : Lower Suite Level : LS27,,/map?c=0&f=2&lg=49.002363281250005&lt=82.27298052542191&s=11690&z=5,Spaces,0
11691,Stadium : Lower Suite Level : LS28A,,/map?c=0&f=2&lg=51.27011718750002&lt=82.13451706264202&s=11691&z=5,Spaces,0
11692,Stadium : Lower Suite Level : LS28B,,/map?c=0&f=2&lg=52.66520507812503&lt=82.03064431637623&s=11692&z=5,Spaces,0
11693,Stadium : Lower Suite Level : LS28C,,/map?c=0&f=2&lg=54.07857421874999&lt=81.95375345809671&s=11693&z=5,Spaces,0
11694,Stadium : Lower Suite Level : LS29A,,/map?c=0&f=2&lg=55.585722656250006&lt=81.8496279048414&s=11694&z=5,Spaces,0
11695,Stadium : Lower Suite Level : LS29B,,/map?c=0&f=2&lg=56.83227539062501&lt=81.74899634581675&s=11695&z=5,Spaces,0
11696,Stadium : Lower Suite Level : LS29C,,/map?c=0&f=2&lg=58.349091796874994&lt=81.64275051278725&s=11696&z=5,Spaces,0
11697,Stadium : Lower Suite Level : LS30A,,/map?c=0&f=2&lg=59.65567382812499&lt=81.55061883994064&s=11697&z=5,Spaces,0
11698,Stadium : Lower Suite Level : LS30B,,/map?c=0&f=2&lg=61.49302734375001&lt=81.28041133356442&s=11698&z=5,Spaces,0
11699,Stadium : Lower Suite Level : LS31A,,/map?c=0&f=2&lg=61.98864257812502&lt=81.06620249498582&s=11699&z=5,Spaces,0
11700,Stadium : Lower Suite Level : LS31B,,/map?c=0&f=2&lg=61.643144531250016&lt=80.84197827539387&s=11700&z=5,Spaces,0
11701,Stadium : Lower Suite Level : LS32A,,/map?c=0&f=2&lg=61.853466796875026&lt=80.71205733138223&s=11701&z=5,Spaces,0
11702,Stadium : Lower Suite Level : LS32B,,/map?c=0&f=2&lg=62.303994140624994&lt=80.58276910726595&s=11702&z=5,Spaces,0
11703,Stadium : Lower Suite Level : LS32C,,/map?c=0&f=2&lg=63.43040039062502&lt=80.43672776610143&s=11703&z=5,Spaces,0
11704,Stadium : Lower Suite Level : LS33A,,/map?c=0&f=2&lg=63.82107421875&lt=80.15501286565085&s=11704&z=5,Spaces,0
11705,Stadium : Lower Suite Level : LS33B,,/map?c=0&f=2&lg=64.151455078125&lt=79.73839922297381&s=11705&z=5,Spaces,0
11706,Stadium : Lower Suite Level : LS35A,,/map?c=0&f=2&lg=63.550722656249995&lt=79.48121158873207&s=11706&z=5,Spaces,0
11707,Stadium : Lower Suite Level : LS35B,,/map?c=0&f=2&lg=62.99507812500002&lt=79.2064164415277&s=11707&z=5,Spaces,0
11708,Stadium : Lower Suite Level : LS35C,,/map?c=0&f=2&lg=62.48302734375002&lt=78.91150473650707&s=11708&z=5,Spaces,0
11709,Stadium : Lower Suite Level : LS36A,,/map?c=0&f=2&lg=61.91235351562503&lt=78.64271664583218&s=11709&z=5,Spaces,0
11710,Stadium : Lower Suite Level : LS36B,,/map?c=0&f=2&lg=61.50682617187502&lt=78.33113297326392&s=11710&z=5,Spaces,0
11711,Stadium : Lower Suite Level : LS36C,,/map?c=0&f=2&lg=61.11641601562502&lt=78.01734681273764&s=11711&z=5,Spaces,0
11712,Stadium : Lower Suite Level : LS37A,,/map?c=0&f=2&lg=60.43860351562502&lt=77.71634078405742&s=11712&z=5,Spaces,0
11713,Stadium : Lower Suite Level : LS37B,,/map?c=0&f=2&lg=59.86792968750003&lt=77.41902019448082&s=11713&z=5,Spaces,0
11714,Stadium : Lower Suite Level : LS38A,,/map?c=0&f=2&lg=58.80164062500002&lt=76.95634708480051&s=11714&z=5,Spaces,0
11715,Stadium : Lower Suite Level : LS38B,,/map?c=0&f=2&lg=57.598154296875&lt=76.33791165748934&s=11715&z=5,Spaces,0
11716,Stadium : Lower Suite Level : LS39,,/map?c=0&f=2&lg=55.7806640625&lt=75.3074355803891&s=11716&z=5,Spaces,0
11717,Stadium : Lower Suite Level : LS40B,,/map?c=0&f=2&lg=54.91792968750001&lt=75.05429819342852&s=11717&z=5,Spaces,0
11718,Stadium : Lower Suite Level : LS41,,/map?c=0&f=2&lg=53.60238281250003&lt=74.23547213902319&s=11718&z=5,Spaces,0
11719,Stadium : Lower Suite Level : LS42A,,/map?c=0&f=2&lg=52.519130859375&lt=73.68175953704157&s=11719&z=5,Spaces,0
11720,Stadium : Lower Suite Level : LS42B,,/map?c=0&f=2&lg=51.588017578125&lt=73.30643689735803&s=11720&z=5,Spaces,0
11721,Stadium : Lower Suite Level : LS43A,,/map?c=0&f=2&lg=50.71693359374999&lt=72.91834468862066&s=11721&z=5,Spaces,0
11722,Stadium : Lower Suite Level : LS43B,,/map?c=0&f=2&lg=49.858681640624994&lt=72.52435584168298&s=11722&z=5,Spaces,0
11723,Stadium : Lower Suite Level : LS44A,,/map?c=0&f=2&lg=48.98768554687501&lt=72.13705090009911&s=11723&z=5,Spaces,0
11724,Stadium : Lower Suite Level : LS44B,,/map?c=0&f=2&lg=48.146660156250014&lt=71.71322970751312&s=11724&z=5,Spaces,0
11725,Stadium : Lower Suite Level : LS44C,,/map?c=0&f=2&lg=47.20042968750001&lt=71.3037795251155&s=11725&z=5,Spaces,0
11726,Stadium : Lower Suite Level : LS45A,,/map?c=0&f=2&lg=46.22431640625&lt=70.92971134040323&s=11726&z=5,Spaces,0
11727,Stadium : Lower Suite Level : LS45B,,/map?c=0&f=2&lg=45.51837890625002&lt=70.42808571498941&s=11727&z=5,Spaces,0
11854,ICC : Wabash - West Concourse,,/map?c=0&f=1&lg=66.29150390625001&lt=-36.87258992641959&s=11854&z=5,Spaces,0
11855,Union Station : Nickel Plate Alcove,,/map?c=0&f=1&lg=-62.90507812500002&lt=50.35331208374573&s=11855&z=5,Spaces,0
11856,Gen Con Block Party,,/map?c=0&f=1&lg=5.755078125000002&lt=56.153431663844124&s=11856&z=5,Spaces,0
11857,JW Marriott : Event HQ,,/map?c=0&f=2&lg=131.30077148437502&lt=-48.6440597188952&s=11857&z=5,Spaces,0
12043,Stadium : East Concourse,,/map?c=0&f=1&lg=10.72265625&lt=80.32159733931147&s=12043&z=5,Spaces,0
12044,Stadium : West Concourse,,/map?c=0&f=1&lg=61.65527343750001&lt=74.97307033777996&s=12044&z=5,Spaces,0
12386,Stadium : Exhibit Hall 1,,/map?c=0&f=0&lg=27.949218750000004&lt=70.34831755984781&s=12386&z=4,Spaces,0
13747,Marriott : Albany,,/map?c=0&f=2&lg=61.25976562500001&lt=-66.30220547599843&s=13747&z=5,Spaces,0
13748,Westin : Capitol Overlook - East,,/map?c=0&f=2&lg=31.289062500000004&lt=-62.10388252289787&s=13748&z=5,Spaces,0
15955,Le Méridien : Longitude,,/map?c=0&f=2&lg=-58.79882812500001&lt=-29.61167011519739&s=15955&z=5,Spaces,0
15956,Le Méridien : Latitude A,,/map?c=0&f=2&lg=-58.18359375&lt=-31.203404950917385&s=15956&z=5,Spaces,0
15957,Le Méridien : Latitude B,,/map?c=0&f=2&lg=-58.00781250000001&lt=-33.21111647241684&s=15957&z=5,Spaces,0
15958,Le Méridien : Pre-Function,,/map?c=0&f=2&lg=-62.22656250000001&lt=-31.503629305773018&s=15958&z=5,Spaces,0
18018,Hilton : Monument Hall,,/map?c=0&f=0&lg=-38.05664062500001&lt=-82.60875400198576&s=18018&z=5,Spaces,0
18019,Hilton : Vincennes Room,,/map?c=0&f=2&lg=-37.705078125&lt=-82.10632229183116&s=18019&z=5,Spaces,0
18020,Hilton : Indianapolis Ballroom,,/map?c=0&f=2&lg=-38.67187500000001&lt=-82.66507258051301&s=18020&z=5,Spaces,0
18021,Hilton : Corydon Room,,/map?c=0&f=2&lg=-34.62890625000001&lt=-83.03688198552364&s=18021&z=5,Spaces,0
18022,Hilton : Victory Ballroom,,/map?c=0&f=3&lg=-24.169921875&lt=-82.32064619349379&s=18022&z=5,Spaces,0
